,uuid,label
0,042636e3-5392-4fbe-8558-fc9d92c540d6,benthic
1,09328e2b-14db-46a7-918c-9407aca9d819,benthic
2,0408e41f-1960-4670-8722-b3c6c1bf5934,benthic
3,03f71fe5-a743-4e56-85a7-96189bb1e1cf,benthic
4,08b2055a-cff3-4b5e-b107-0b96ac221279,benthic
5,028e3634-7986-4340-91b3-ec888bc6427b,midwater
6,085d2f31-ef89-426c-82d2-c7e0a2a5e6ce,benthic
7,0045baa3-dce2-4ea7-bb5f-8329beb47399,benthic
8,08d2e23f-3853-4b9f-b055-e9590e36e801,benthic
9,0a206575-9a77-483e-85e8-ae89260080f0,benthic
10,029c85e1-6a3c-4a08-bef8-fecfdf97ff86,benthic
11,05e86f3c-ab9d-4726-9422-54f5806ea52d,benthic
12,0142be4c-c49f-4db6-98b5-c38ff6d829f9,benthic
13,06cc10c9-2a58-44dd-98d7-c4d195e06818,benthic
14,09b5d4d4-da2b-41d3-9cde-c758817bf717,benthic
15,05d8675d-d36d-4008-8f1e-96c6ba6817ae,midwater
16,04d45bda-34d6-483a-af34-ddc8259370f6,benthic
17,040452a9-3bf3-4c73-ba03-353cca8f0080,benthic
18,0463d802-5e43-45cb-8114-e5b9301ed7bd,benthic
19,07f457c1-0af7-4431-b831-f96f63360066,benthic
20,03d05d06-0475-46ab-a96a-cad5b257ea2a,benthic
21,0855ad4b-ac0f-466a-9a9a-dc9ed74379c7,benthic
22,02440453-edd2-4a47-b3aa-639c90d7e601,midwater
23,016ebc47-e675-463e-938f-d50517cd25bc,benthic
24,04e126f7-02c9-41e5-b38f-ae7121d57459,benthic
25,0058e081-ab45-4550-a667-5535ffa43ba5,benthic
26,06634556-583b-4a36-b927-940c82417b53,benthic
27,07a4ec11-6724-49de-ba4e-18c0eb314c9e,benthic
28,041984f0-997f-4d80-9e64-1d90317ee4d4,benthic
29,03696248-87cc-43a7-a396-2a2e1499d20d,benthic
30,0955d808-f3a6-43b3-a2eb-09c2b14369b0,benthic
31,098f3d44-751b-4625-9232-fcc31cdcd20f,midwater
32,05253653-2c15-4ba3-9d23-7556c9afe17f,benthic
33,08340a35-b97b-45f6-88b8-6edc2e6b930a,benthic
34,09566265-478a-42f9-9e96-7a89f28a4d14,benthic
35,06b46bb6-1032-4adc-b789-0fe928468d96,midwater
36,03c5b1f6-f0a3-4e1e-93be-0df54ca28350,benthic
37,01b7012e-4a7d-4c57-a2d2-62f79debb0f5,benthic
38,00806a16-e687-469a-9a58-285bafcadf17,benthic
39,0a119cbb-d378-4cc6-a22b-5cf8aac3ef88,benthic
40,024e064e-243e-47b7-9726-00a192071174,benthic
41,0330819d-0ad1-4660-b3fd-94744fa21cb8,benthic
42,06092767-64e4-4bb2-8bd9-18a0c7fb8586,benthic
43,04ba3efc-e6a2-4d8e-9b64-16262e0a75a7,benthic
44,09ff9fb4-fdb6-460b-84e5-b2c8d1d07633,benthic
45,054798c9-469b-4c84-9049-52ca35d44f31,benthic
46,03fcbaf3-cb8f-40c1-96fa-90d36e3a93df,benthic
47,0956d286-ec3a-4531-853e-968d93836bb2,midwater
48,020e1109-0eb3-47d5-9ee7-b4d4f8a10e35,benthic
49,0434b6af-efd0-402f-88f6-c0198df93c5e,benthic
50,07629244-7227-4b94-a58a-01fee7b1092a,benthic
51,0fbe3f12-1b10-448e-b3cc-1654d6d5b399,benthic
52,12e1bfd6-f17e-42a3-b8c3-d050f2e31fea,benthic
53,0ecadc3c-4ca3-4614-9bde-cfc993d3c3c3,benthic
54,13804a08-4134-4b57-9947-5b4df7157e3c,benthic
55,0eebe93c-ff60-461e-a859-a10bd14280cf,benthic
56,11ca82dd-6069-408b-a81c-915255b3a6af,benthic
57,1097bdfa-198b-4ada-b062-616958b670b2,benthic
58,1077d96c-ded7-45df-b890-71e72915c348,benthic
59,11ffaafc-d5e1-4afb-8a27-56229cf01b28,benthic
60,0ae29b6d-ee07-40f1-a570-319eae3a2276,benthic
61,0cb1dcf4-29db-4214-ad98-5bd6b7f0b756,benthic
62,1498d61c-7e5f-411e-969c-6333c284c3fb,benthic
63,1495cbb9-f633-44f2-8d30-5566d4917e3e,benthic
64,12d56090-46f9-455f-ba72-552ef990bd3a,benthic
65,0ff00125-fe5b-4753-92a3-ef90b27bc15c,benthic
66,1392a69d-a631-48b8-aa4e-f26ce7cacefa,benthic
67,0ceb6351-1b85-42d3-8d13-02e2e000f89d,benthic
68,136dc01b-ecf1-4dc0-ba20-53a6451fb977,midwater
69,0fe47970-8edb-4889-bcbf-845ee959a39c,benthic
70,12d671a7-5602-43a7-ba86-c497cf5207ed,benthic
71,0f9ea7fa-330d-4300-843a-409c3d9ea173,benthic
72,0f7366ab-3529-42ba-821b-81a5e9210bf8,midwater
73,0f957aef-597f-43c3-bc08-1dc2d0910c8b,benthic
74,1369b96d-dc62-493a-9a24-903fa802c3a6,benthic
75,0b76617a-7ce4-4eb8-95dc-67a89579d413,midwater
76,12ce8884-d0eb-4d84-b8ab-5dc48cdcba81,benthic
77,0bf213c4-4b7a-4dfc-a1e8-4dcdb77ccd59,benthic
78,0e22de90-84e2-49e7-9b05-277cec2d454c,benthic
79,122d7685-d84d-4bb1-98ea-c8b6daa4699e,benthic
80,112fecbc-b6f0-4a29-9185-cf78732e738d,benthic
81,0ba38084-ea84-487f-8676-cad7f9242723,benthic
82,0f001c7d-2931-48f8-8420-50d3a6d9a003,benthic
83,144d052b-4104-46e9-9b4e-a447889fac89,benthic
84,0e5c28ee-032f-4105-af39-7ee40ca8b6e4,benthic
85,13ef4af0-5308-48c8-8ab8-939fa705e2ff,benthic
86,122682f0-febe-443f-be4a-b18644eb31dd,benthic
87,0aecb028-7333-4388-b7ca-d113bf609c6e,benthic
88,0be482d6-4422-4637-a2b6-eac58ca1d98f,benthic
89,0b8a4913-272f-40e4-a523-111f665dd022,benthic
90,1407114b-066c-4154-845b-3c852660d3d5,benthic
91,1337202f-38b0-4a66-ae48-948890e60c64,benthic
92,140513f4-68ac-4d93-b2e9-517765e09f46,benthic
93,0d8839fb-cf28-405c-aebf-e5f343f20fed,benthic
94,0bdf910b-fc36-4dd9-9e10-ebeedcceb401,midwater
95,0e68fa96-649a-4c64-937c-90810562f4e9,benthic
96,12cc1736-e22f-4efd-ba48-de913e600958,benthic
97,139b7654-283b-4252-8be3-d27ab253ea87,benthic
98,13703f26-876e-4edc-9fb1-d408bb6f8f44,benthic
99,0e044d30-f4d7-4a2b-9231-42441606b25e,benthic
100,1175c23d-5cfd-4c87-ae90-c648cb0e8bb9,midwater
101,0bee63e8-c85d-443a-a008-6b548d9726ab,benthic
102,1cd70820-42a9-4039-b4a0-39f0cac2ffe4,benthic
103,1f6ea5e3-86f5-4695-9afc-eb720a7efb97,benthic
104,1e634b6e-d5be-4e44-be2a-6b7372bf1050,benthic
105,1de8d252-513e-4103-a740-7291330018ca,benthic
106,1aab4c8a-62bc-423c-bb62-9ab3d0caf8f7,benthic
107,1652ef98-8597-4052-91f1-fb62851fc2d9,benthic
108,199c8169-a677-48ea-8ce9-15f5dc6a47e3,benthic
109,15288c88-747e-494e-b023-fd28d9a84e3a,benthic
110,1ac434b4-26e8-427d-bf3d-ba6e3c87be94,benthic
111,1f1f9e6f-251f-4acf-9a73-7666f882cd88,benthic
112,1b8d0164-f262-46e3-8c95-4b92440c6d5c,benthic
113,15d63b2b-74aa-4d1a-b4e7-20707319f618,midwater
114,1d6c6aa5-3b6d-403f-9f8c-9b3b4bd883c7,benthic
115,1d51edbc-f1b8-4dcb-8be3-08c228c57705,benthic
116,1e60df87-6afe-4eb5-b32b-a02883fa713f,benthic
117,1c9b90af-51a3-4a99-9730-87897e82c8a7,benthic
118,1fe4c308-a59c-409f-8998-42d4bf7bf99d,benthic
119,19c93e76-027d-4d5c-9f28-e4baa483b660,benthic
120,1e297e1d-1ddb-4c9e-af61-30dbbdb64dfe,benthic
121,1970429d-6205-48c7-a267-5d8959182621,benthic
122,1eb66ef0-9af6-432d-95d2-181e0e83d7d7,benthic
123,1b495cd6-5cce-43b6-9975-80311e680347,benthic
124,1cd30691-a641-4234-8fab-69e0c3859c1c,benthic
125,1833dc92-cce8-4052-9684-c8f92a95d34e,benthic
126,1f3fa0de-6c03-4000-815c-3081c725b14b,benthic
127,20182d27-40b0-4f2c-a31d-6957a0ba3d03,benthic
128,19323dd3-dbee-466e-9fc2-48d6049b57bd,benthic
129,1ef7210f-4e13-45a1-96d8-38979182c2c0,benthic
130,19b47aaf-f5c5-4ceb-9e2b-27d72dcb4458,benthic
131,1b294a5d-4ec2-4f0d-b0b4-a3df6661235b,midwater
132,1f0ec779-42ea-4b37-ba41-0db5513604b1,benthic
133,201785ac-d02f-41a6-a162-ed162b914cf0,benthic
134,1c8d1e42-c935-4843-9020-afbb1a1097a8,benthic
135,1e26e5f7-67d5-4d8c-8df4-0be64c9cf7bc,benthic
136,19b23e6b-8c3d-4eb5-9066-f368b453b8cb,benthic
137,16808efd-a4c0-4702-ac01-16d570658a24,benthic
138,14eb772b-4d68-4a16-b860-f9a2cc8fb4de,benthic
139,18c98f2d-a42f-497b-ad3b-5f7a963b11c2,benthic
140,1ed0d6e7-0af4-4e08-be74-5a51d0d5b24e,benthic
141,1d6dfe45-ecb4-484c-b6af-f788981d8184,benthic
142,1aebfe7d-ef6e-46a5-9d6a-f566e1871548,benthic
143,1a156563-17e2-4c1b-9bee-04a0a8b2916d,benthic
144,173744e8-d656-4a60-ba05-79359ced2eab,benthic
145,1fdefd05-e86d-4c8f-9c44-6bfa395dce94,benthic
146,1aa40968-7fc1-4460-b232-42124cc77f04,benthic
147,1cc0c473-a686-449d-b127-b7274a2f57c8,benthic
148,1fa10d29-83b8-4af1-98d2-30100d02e0a9,benthic
149,1a0148ac-1b1d-44ba-993d-2241166faaf7,benthic
150,1a5f8892-e101-4d13-985c-01b9f29fcc15,benthic
151,1669c6e3-4bfc-495a-a4a8-4b35b7b644fb,benthic
152,185fcec0-8cad-4102-9e75-49436f33ef13,benthic
153,1f787efc-924b-4bee-8b9b-eef0a0b24d85,benthic
154,26ea14d5-40a3-4efc-afdd-30b02fae5685,benthic
155,25bcbaaa-f9d7-470e-8ba3-4382387da483,benthic
156,253bca18-d60a-4e4e-818d-a794028e486e,benthic
157,24e1156a-0844-49e0-8a6c-f95481ee5656,benthic
158,24584032-b6ce-45ca-86b3-0f454f3383eb,benthic
159,22de8192-d93f-4d89-ac97-e202bc9d91d5,benthic
160,22ce0ee5-8773-4167-898e-22be7429a40c,midwater
161,2713ac20-be25-4744-8f83-051408c47b0c,benthic
162,219e57a6-88cb-4494-a892-252e67887642,midwater
163,209ae188-bb2e-4a7f-9ab9-a3c89974f43d,benthic
164,2553e33f-87b8-4208-bdc2-2476969d44cc,benthic
165,2715c940-f2e6-4345-a27a-0c2fa51a56fe,benthic
166,263e8fec-5d97-4224-a84f-715fe04b717f,benthic
167,25a4b2e4-9908-49e8-8d0e-02e99a0cca77,benthic
168,2441c31f-d226-469b-9c8f-864c3cb42c24,benthic
169,237bcedc-5656-441b-ba26-bf541b7bcac0,benthic
170,21baa550-ff78-44ab-a2ec-08658b063c13,benthic
171,257a2e71-2321-488d-8ba7-6a4c8dd6dd7b,benthic
172,2451d8c5-8b3e-4a3b-9a00-b6250fe3131f,benthic
173,206c361e-9140-4a24-82a4-590090cc8f92,benthic
174,2258557d-19d5-4222-b6af-20e73c12e7f9,benthic
175,22d9c31b-6429-4ee1-b287-f0f3e48fabbe,benthic
176,259a1a48-a926-4f00-81f3-439939593a40,benthic
177,253de4f2-074c-4ef1-888c-91a3047c3d8b,benthic
178,2132b66e-0e40-44f6-abb2-1a19c2ad8615,benthic
179,2287bf63-34c4-47b1-9d28-801b74cb0ca1,benthic
180,22d78a0d-b402-4112-a1c5-ef937ee70ff1,benthic
181,25673b94-17f9-4dc5-a726-056c8889ed93,benthic
182,207f03e4-7f30-4a6f-b5f6-31e39cdbbacf,benthic
183,27771578-0608-4271-8554-eccde129d831,midwater
184,23cf34f7-98dd-4cbc-baaa-fb225ba00c9e,benthic
185,26424750-6373-48ea-b965-4bfb4e1c2904,benthic
186,2189a3e2-0b36-4dd8-9443-d19e47ae1bb7,benthic
187,252452cf-2d31-4528-bdeb-c50a6cc16236,benthic
188,223678a1-161d-4433-947e-78c3e91643e4,benthic
189,2466f89e-0539-4e6d-afa9-d94ab51528d7,benthic
190,25bc2216-fc99-4e13-858d-b9ac237485be,benthic
191,24bc5d70-26bc-42a9-a2aa-749877f66963,benthic
192,24f2fe5c-c73f-48b4-a453-8d38e2937933,benthic
193,21e9a0c5-5410-4bf8-8ae3-a02b87f381cf,benthic
194,2131d271-47c6-434f-927f-840cd0194cb2,benthic
195,23e299ad-7f24-493d-8686-fff7059364b8,midwater
196,23d5b247-fe26-46e1-ae16-e6340600fec9,benthic
197,22d71b9f-c548-4bcc-9f65-cafaab75fbd0,benthic
198,22feb279-5234-43a6-bd7f-12c6b647e8b8,benthic
199,21faf19f-b993-4725-9622-b58a47dd2c80,benthic
200,22e42237-f5d1-4748-8eeb-8d3779bc9a2d,benthic
201,25c7dcb4-f129-4655-aaea-53922316d7a3,benthic
202,217f7c66-2270-4176-9ca8-ca112fe86f4f,benthic
203,2c20e0b2-d84f-4eaf-ae9f-01fa345cb815,benthic
204,2b914a73-1a70-4c2c-9dc5-ef61c775072f,benthic
205,2d2ed43d-9b63-4d46-b0f7-f9e622033a0b,benthic
206,2799237a-fe47-4159-ae5e-1e324b19816c,benthic
207,2a4f4752-a9b1-4d95-a053-ab2e412d8401,benthic
208,2ce9c525-9211-4ad3-90c3-92a8fdaa4a0e,midwater
209,2c4a6db6-3ea5-47eb-8721-d5ba21682516,benthic
210,2a5bebdd-b9d9-4391-b42a-d60742427265,benthic
211,2c0d65e3-a294-42db-bc86-cac66f59fd50,benthic
212,2f10c7a4-3ac0-4bd5-88a6-9a3ed02a264e,benthic
213,298a39ab-69da-4d8d-a6d0-5ef982d69efc,benthic
214,2c4a257e-1d6f-4c8a-9de1-9a9e5e2d1aaa,benthic
215,2a7ad014-e110-4981-b922-35b55cc223e6,benthic
216,28aff1d8-aaa2-468d-8031-3eff85a78578,midwater
217,28e8475c-d25c-4f1c-99c8-d139e68bf0c1,benthic
218,2aaa1968-1fac-4e69-844e-87cb4ddc2b7b,benthic
219,29b78112-361a-4ced-b379-d34f50964145,benthic
220,297df35f-f35d-46b8-a912-8de9486d70ab,benthic
221,2bb6071f-3eb4-458f-b88f-2eab8c190381,benthic
222,2ca9d468-0534-402e-b06f-9c856b38a5b7,benthic
223,2b796cc6-4adb-4bc8-b346-6e41303d4992,benthic
224,295a232b-3799-415c-8699-13873c86f14e,benthic
225,27da5470-14f5-4da7-b2b4-de376d0b9991,midwater
226,2fdfef20-ec13-4d75-8522-2aa3f04d76d8,benthic
227,2e093aa8-530e-4208-be17-9ac368ec7c29,benthic
228,2fa6e782-e329-4255-82a8-d73b0cf1668d,benthic
229,2cc78761-3fc7-4f3c-924d-58c82df7e2da,benthic
230,286d6058-1cef-4ea2-8c74-48fbb4e92da9,benthic
231,2ca8c60c-26be-4519-ba30-330f520cf907,benthic
232,2d7b8a7a-4125-42e5-84c2-53cc9c55e959,benthic
233,2cb429a0-c77a-450d-8d3e-c8b06b44f68a,midwater
234,2e5b5d74-0cfc-4b53-8548-4501d21e84f0,benthic
235,2e458e45-ce93-499b-a85c-d4a0c7df81f0,benthic
236,2be28c54-34eb-4852-bf28-a9cd8a8ed278,benthic
237,27b3d586-671e-4c37-84fe-a75858f52599,benthic
238,2f3a10e1-2df1-430b-b25e-d3320bcc59c6,benthic
239,285b842f-e08d-4b34-b221-6470efc2b733,benthic
240,2c09ed30-03de-44bd-bab8-dc4b62ad10d4,benthic
241,2ecc6ccb-f663-4d13-b0f6-d69cc7c36d5f,benthic
242,289855a7-d505-4979-a234-982087e332c1,benthic
243,2816bd28-6694-41e0-af3a-e074df8168b2,benthic
244,2ee739c4-e3b8-4d36-990c-8d41fc5aa362,benthic
245,2f07fbe0-d55d-42e2-b16d-760c3377e0a1,benthic
246,2a38e41d-cae6-4fd1-974b-df1e5c11e00c,benthic
247,2a78c208-6a75-47ae-9840-d0efd64e8744,benthic
248,27d8f5c3-290c-4d1d-91b7-e46b7e08626f,benthic
249,29dda193-3898-47ce-9824-825ba4a202ee,midwater
250,2de29989-6be2-4924-bc4f-e7504ada9ae8,benthic
251,2a73a49d-be8e-4029-b0e8-07d34caa7422,benthic
252,2bd3fa1f-4476-4a89-b5bd-bfb1c8570a9b,benthic
253,2cacc1c4-a044-43ca-861b-19c912780d57,benthic
254,33a3f615-f528-4acf-8ea8-b99e3e9c8048,benthic
255,37fc4b40-e16c-4636-8732-834b03f98a2d,benthic
256,38b8fd8d-da8a-40d5-9b9c-e36675be2993,benthic
257,3660984c-cff5-4b3e-9bfe-cb55a3f8915a,benthic
258,37828380-4211-4208-bbea-228c1a023dc0,benthic
259,3189d404-a8a4-43c0-bf77-e2ed9491cc9f,benthic
260,395824e8-b7e0-44c0-a9df-75781c7bddfc,benthic
261,383ccd49-6f6b-4a65-b04d-2c8c2aa676c5,benthic
262,37166b13-eb77-45e0-a636-921366710755,benthic
263,3653fe6f-af07-430f-a474-a35d69e79b34,midwater
264,38002664-f8cf-4a91-8aab-a1f5bb96858c,benthic
265,3959356d-1542-4f5c-b924-2e1708b348ca,benthic
266,30eac15e-0be2-44bb-a18f-45e6c8a5b373,benthic
267,3970675e-99e7-4c9c-af11-ef00ce285b04,benthic
268,3911d558-1320-48f3-b3dc-155a118ba302,benthic
269,346ed9bc-1a6e-4436-b618-005e229d568f,benthic
270,35fcc458-0c0c-4aaa-be2e-fbd4aab9e8e0,benthic
271,3702e60c-2d8d-4855-88f9-0be45045ab6d,benthic
272,391b8298-a256-427b-b80c-7ab32ea12784,benthic
273,32ef68b3-9577-4399-980a-7844050345cb,benthic
274,31ab6925-07e3-4566-bfbb-15e17aec748e,benthic
275,36631604-65ab-4afe-94bf-5ef2598e9ec5,benthic
276,394358ad-c4b3-4328-8b9c-a8dd03211960,midwater
277,3271663f-b538-49ec-8031-b168cac347be,benthic
278,35c213fe-e0c8-4ee3-8dda-8e27bd991d46,benthic
279,2fe8d0d8-9db5-49e9-88e9-e2b0fc5b0fb3,benthic
280,38845b12-27b9-47f8-9988-d70241e67905,benthic
281,31e371cd-df8e-46db-be42-b9c2c8a95218,benthic
282,390cfd88-6e9b-4cef-82c5-e9aa24182f04,benthic
283,33b8a776-aa02-4305-a42b-06b67c77e545,benthic
284,381b0c62-e8c7-498e-871d-292e29ffdb65,benthic
285,35609373-adf5-4a3e-a7cc-fe61e04e0a8b,benthic
286,355c9ee0-2b03-4712-bace-e414100a8a36,midwater
287,35331166-58d7-4f9e-b1fe-991b66b0b811,benthic
288,3309ed1d-d87f-4f90-8547-d8b72e1b21a9,benthic
289,368b7d42-dd05-4624-8f96-ed20f35993f4,benthic
290,35e22317-83a5-428e-8611-9266c193694e,benthic
291,35385643-b948-454b-8aa0-3bc255f25ca7,benthic
292,32639247-2c99-45fe-9a3f-571b85682cde,benthic
293,30c30210-c475-4aff-b03b-a022ee0613e3,benthic
294,37ee654e-8118-4ad6-8835-243664b847aa,benthic
295,36602499-321c-4a88-90da-216028b4860d,benthic
296,38556b87-3e19-4bf8-8a4b-ed7f3cf62c9b,benthic
297,36af3942-a842-4520-b36f-605d247e543c,benthic
298,3913bd80-e2fa-4c6f-8b3d-ee2e9203fd7e,benthic
299,374f250e-8339-417b-8f05-ff1d4f477e41,benthic
300,33a776cb-93b5-4438-9b06-826d74e68ae9,benthic
301,34f7d153-c8a7-401c-8ebe-39b66032f80a,benthic
302,305c1f45-417a-45f0-b187-08abb8974bad,benthic
303,342abd5c-581c-47fa-bc60-e829d84033ab,benthic
304,3c3c5d52-ca0d-4a91-a02b-bc00f89e70b6,benthic
305,3a2d97c0-ed8d-46f6-bb3a-ad4fc8eca49d,benthic
306,438357df-61f0-4cb4-8078-2d82120485f7,benthic
307,3a22afb9-e7d7-47b2-a1ca-d34ca0a45171,benthic
308,4251d37f-f687-4793-813f-728002f6e485,benthic
309,42c4d53c-df57-4eb3-b5ca-e891225509c0,benthic
310,41ffe8f2-2042-4aa1-a79b-6bf926cedaa2,benthic
311,416e135f-81c4-4685-9af0-8ac221500831,benthic
312,401953bd-43e0-46b0-a918-ce62a2cc8528,benthic
313,3ff78adf-4abc-4652-b785-a3204f7ab69b,benthic
314,434dab05-d0c7-4b08-b267-12dacc114050,benthic
315,3c941c9c-ec41-41f9-9b75-c8eb97a85689,benthic
316,40ccab8f-0a6d-4446-9706-de3d74e999eb,benthic
317,3cc93bbf-1dbc-4f76-9a3a-2f7c02c2fd35,benthic
318,3b0166dc-22a2-4e4e-a800-960a7f1610c8,benthic
319,3e1e751a-6e27-471e-a5c3-8b0c86bfbafb,benthic
320,3b86cb06-1f43-4873-8d25-816f0845f231,benthic
321,41d0ba7c-9224-4650-a2c4-d4908cb86be2,benthic
322,41b4842d-ff1c-49ab-9e8b-3cbde981271f,benthic
323,41667183-fa4e-4079-9244-b36f85969a63,midwater
324,3a084b21-c9a1-4552-a978-3aa155708a3b,benthic
325,3f3fa119-fc1a-4c82-8545-e7e835f696c5,benthic
326,3a1410a9-1d75-403a-a55c-e360b771cd47,midwater
327,3b4939a6-9621-46f6-af1b-a3e9085b00cf,benthic
328,3ddf0800-f1de-40a8-9339-cccfb2e30642,benthic
329,439b6906-0610-42c4-b97a-4fa40995d2d9,benthic
330,3fc828b7-af3a-44f0-a9c7-32cc1354af43,benthic
331,3fc08666-d5fa-4e22-9b99-8b5976a2243d,benthic
332,3ba1ea7b-010c-4236-8ada-0d9d8c6a948b,benthic
333,3eb3c2b2-c1f2-4ea7-af32-15d18c7c9857,benthic
334,3e59369c-a3cb-430e-bd35-4a993fdab6f6,benthic
335,3d1ab7f6-497c-4cc5-b3f6-9a72fd735185,benthic
336,3c0ee401-c1b8-4801-af6f-aed0308dc3dc,midwater
337,3de83734-a4e2-425c-aec0-28185e088600,benthic
338,3c3fbdaf-bb6b-495a-894b-8bd44d419b42,benthic
339,3da63f1e-9f08-45ad-8219-0ff66ed84e67,benthic
340,3ccd912d-b471-492e-8087-5e305ab0c942,benthic
341,3c7cbb8e-0d87-4875-b856-f84e39081805,midwater
342,40b3b4de-9bd8-4ed6-a572-2838a1082cd1,benthic
343,3ed2f285-3a14-4838-b3af-bda843bbbdd9,benthic
344,3f89d2d0-dad8-4f58-bdc1-4dbc579d6411,benthic
345,4375c04c-27fd-4338-88bc-4bf0094746b3,benthic
346,3aae2ae5-b439-4342-9325-cf206a2d978e,benthic
347,4173e4d6-c8ab-428f-a8c0-57ff245799f5,benthic
348,3d970e57-759a-4e73-bfa5-c8fd46313e2c,midwater
349,3f87f5e8-5793-45c6-91bb-7cfc8593e5d4,benthic
350,41533a1f-f718-4e9e-9950-6b519ec13638,benthic
351,4271ed18-85dc-4cda-a2a5-35447188e732,benthic
352,410863c5-98ac-47cf-8aad-c80a42173078,benthic
353,42b7fc82-0ca9-448c-a2d7-fb9ebcd0390c,midwater
354,4347f724-9ee0-4174-bc65-9f4fb988c763,benthic
355,44d2c807-794f-497a-be66-96cd43104c1f,benthic
356,446053f8-4f87-4349-82cf-af619c020d85,benthic
357,4902af06-be46-4779-8156-571ff8e00c0f,benthic
358,4754953a-43db-4a13-a276-e63e1459c8f0,benthic
359,44a24824-a98c-4a9c-b802-55e8da75e423,benthic
360,477913c3-771f-48dc-ac41-46ca50f18de3,benthic
361,4936d8e3-f1c6-4d11-9231-9e53a412bada,benthic
362,4c44033f-ed35-42cd-af26-221ad98e141b,benthic
363,45acb346-d3e9-4738-816d-1ba11a219bd8,benthic
364,485806e1-e307-4449-8309-7792df308d29,benthic
365,43b94129-4ad4-49a3-99a9-f340dd2d6f21,benthic
366,460b33f5-0da1-4c93-8018-712288cf1db4,benthic
367,4c27d344-0eb0-4c0d-ade3-ec23d5851055,benthic
368,45ba7d17-f38d-4604-853f-9a20dfa03472,benthic
369,43c2fb31-5db3-48d3-9be9-dd00ff507422,benthic
370,43b68e3b-ce16-49ef-b823-87faa9c71b9a,benthic
371,443037d9-17bb-42bc-b33e-cf60b242d838,benthic
372,459b21f3-3ba3-4ac9-8fef-5c1c196d6964,benthic
373,45c835e6-752c-4b28-bcb7-2deb13a29656,benthic
374,43e98c3d-c56f-4ed9-9f6f-31dc95cd3a80,midwater
375,44513fc4-bbba-406e-b59f-08b4449ab5df,benthic
376,4c786f07-c806-48be-a1e9-f3ff498c3d6a,benthic
377,47d5ce05-e29a-4940-9aa1-02b002c330eb,benthic
378,4b116160-bbd7-4cf6-ba97-26c6edee9d2f,benthic
379,443d1d13-aec8-4df6-8654-58cc3d8def5f,benthic
380,48cb36b6-1562-402a-999d-6b753e605d43,benthic
381,448bf1f3-d2a5-4485-be2d-06719036d7f1,benthic
382,4713eaf4-b599-4bd2-88ba-27a04050ab59,benthic
383,47555c64-f3b3-481c-ac72-1437409e1609,benthic
384,4b1ed080-cd95-476c-a50c-11a524c319fc,benthic
385,471415f4-43f8-438f-a7ad-ebc2390bcd95,benthic
386,472c661a-2226-4051-96cb-62a6f726dac9,benthic
387,4b073263-ec9e-4815-9c5a-5f714a2afe5a,benthic
388,47bfc926-cacc-41df-8749-61c9551d6988,benthic
389,44a6afbd-ac93-4f22-893e-f1e405fb4fd2,benthic
390,496f5ab8-ce25-499e-91a8-312ef393a2ec,midwater
391,4628268f-48e4-471b-9e48-7669b3b4830b,benthic
392,43d24143-3995-472c-bd87-752d4d580f25,benthic
393,44776c4e-128f-49ad-a267-61fd8b8be346,benthic
394,4764d25d-46ee-4495-b681-7d2173870336,benthic
395,43a89ade-87d8-4bda-9180-d90a7fe5b66e,benthic
396,43eb18a2-c9c2-4c1e-96a2-5c86e4212c63,benthic
397,4537419f-1dac-48b1-99b9-7a663ab7de39,benthic
398,44b1ec6f-bcf1-4246-b755-6f39d7f57c9b,benthic
399,4a466e7f-c1aa-4402-b994-a0247c10772d,benthic
400,488161f1-b3d8-4c57-82e1-f351d3ec1391,benthic
401,4685a54a-add8-4fdb-b69c-ce844df4c335,benthic
402,4b7ffb9e-9404-4c67-8caa-dfef0849ed1e,benthic
403,466d2470-e6b7-429a-8fad-601aea858ec8,benthic
404,46cf4681-05ee-4ad5-b71e-8b8459b8d919,benthic
405,47f5c0a8-b051-4b77-b2df-08dacdb1c621,benthic
406,5377180d-507e-47a9-9f4b-b038ac25481b,benthic
407,5626362b-26fb-408e-812b-3961cc58171c,benthic
408,5239375b-3a32-4704-9e21-e1479ac035d0,benthic
409,4dd7cf89-5c46-4b5f-9695-da7f4591b402,benthic
410,509f8251-6665-46ca-a2e4-b835357a69c6,benthic
411,4ee37e0b-d405-42e6-8c76-418acbeb34aa,benthic
412,4fb809c8-fbdc-46fd-87ca-5d56b9d404a5,benthic
413,544de055-6868-455d-89ec-bb3cc1f7b184,benthic
414,539c25d3-2756-4601-bb39-d50f48c1d21c,benthic
415,4f9cf1a8-5181-4ecc-9463-a8f88a2f68b8,benthic
416,4f364e9b-8b6e-46c4-8ea9-d31a32f6a2cf,benthic
417,502bca45-d47f-4564-a012-e25647290e21,benthic
418,4eafd4fa-b8f1-4554-af68-9007c48797bf,midwater
419,4f226d1d-48a0-4c42-9c7b-78c3b87e72f8,benthic
420,4fe63f7c-0d6f-41b2-849e-075052db48f1,benthic
421,4c851e0d-993f-44bf-b8f2-5c929ea66b59,benthic
422,554d594b-759f-4ab4-832c-fc4b176a1e86,benthic
423,50ba4a63-cfe6-4867-a3a4-1c6ac305a444,benthic
424,55356946-f98a-406a-a9c3-6bdc4bf3bf07,benthic
425,55d7fd83-8825-4a85-b208-29ba77532e58,benthic
426,4e4d29af-71df-4986-aca0-0cc609f322b9,benthic
427,50db905d-6258-4956-9068-a52eb3056672,benthic
428,4ccf39f1-abe8-42eb-9174-8808cc0da53b,benthic
429,562f0c80-bea1-41e8-9b8c-0819ef79863d,benthic
430,4ebb44c0-f136-4a28-a0de-9640494a6dc0,benthic
431,4dfd2433-5072-4284-9537-a65a1f59e160,midwater
432,4d3e2bff-2081-434b-9ac3-124e124f56da,benthic
433,4fbbc487-2a2f-479a-a8c8-8e3fad5084fb,benthic
434,53308fd7-d1a3-48c4-8610-0030cf9a054f,midwater
435,53535703-2dba-4dfa-9747-fb94768ba567,benthic
436,50b89c53-03e8-49cb-95b4-073c450a2695,benthic
437,55be39cc-ac03-4083-adf6-11a769f0771b,benthic
438,4e14d99d-4681-4168-9cbb-7a0ae9e4885c,benthic
439,4e775802-17e6-41c4-a2e4-5c6201d5ce21,benthic
440,55d8f3fb-34d3-4555-af08-76c67c6e1279,benthic
441,53ff28ed-0eef-4b4e-9f50-8a0874a1b71b,benthic
442,54a43376-aa6a-4a0e-9fe5-d434e27f333e,benthic
443,52055d3c-b695-4825-9a68-c237c73d4d09,benthic
444,4ea14960-7740-4575-b1f3-00fd7156bfd0,midwater
445,54e77372-d00c-468f-8a49-f57cecd7d652,benthic
446,560d54e6-5d2f-4bd4-9d64-d0f00c7be51e,benthic
447,4c99fd2d-e8eb-4b27-a4d6-69c9231fd664,benthic
448,4ea08747-a73a-4e83-83f3-00d08ebd5d08,benthic
449,4f386899-2d18-4bae-9fd7-8613b9eb2000,benthic
450,563ac82c-ca53-41e9-a6d5-0976328ae8c5,benthic
451,550a9f00-e455-4de1-b810-4b49534d0097,benthic
452,547e3750-7ffa-4fe1-8b82-ec16a3bc1505,benthic
453,4e59fee7-9044-44aa-9f6f-9b9f46121494,benthic
454,54896111-57f5-42f8-b678-7ff220b4ab69,benthic
455,5382c9f3-2a40-465d-8dca-5f7c07dfee2b,benthic
456,58433c5c-84cd-4250-bc2b-8f812a22cba0,benthic
457,5fa46a3a-c7f0-4b17-a7b1-c57410dfc277,midwater
458,5e4d56a4-9941-4111-b33f-19c4da6705d0,midwater
459,5e7d492e-1e65-4f5e-a1ec-72d4782362c6,benthic
460,5ccf77fb-e99b-40a3-8263-f97600c80d44,benthic
461,5d1c8151-7604-4690-888a-1ec27cf51be2,benthic
462,5c73aae1-122f-48ae-8ab8-55cd5c88e84d,midwater
463,567da3a2-67a2-44f1-8076-0ab0aa2b37cc,benthic
464,5d746705-d5bb-45de-97f9-b5a8c843d612,benthic
465,5e9eea25-01f4-46c1-8b6e-eb73de505c32,benthic
466,58cd5dc4-86b2-4568-a5ab-cbb64d61d41d,benthic
467,5ef337bc-33d6-4271-b402-7bb4670408a2,benthic
468,5964fde5-e017-4064-b5a2-ad5fd4aec665,benthic
469,5a4feee1-4ec2-4c78-880a-01f1c4bb358a,benthic
470,581e3e58-f11e-4aaf-8906-2d3c0aa06e93,benthic
471,5d4609f9-1b63-4606-9a9d-c038736e1a47,benthic
472,5a2510cf-6992-43ff-b84d-8990e189e167,midwater
473,5fda9537-3d93-459d-9be0-63487faebefe,midwater
474,58f0d595-4d7f-4fe5-b9d0-39b1a339e8e9,benthic
475,59810ec8-5e27-4fbd-9ef0-ea99a04aa2ae,benthic
476,5e420f54-3f71-4597-a2a0-24380acd481d,benthic
477,61ab6ee2-960b-4cd7-a12b-737bfd1e7b09,benthic
478,58460990-bbae-4343-b7a2-0bdde48f7602,benthic
479,609ff374-c6be-438f-8ca6-8411f2f7e17a,benthic
480,57cf4670-a94c-47a7-af68-4e9c61e88f15,benthic
481,601f954c-e86b-4e1f-92c7-5d41ca2491e1,benthic
482,56b002a7-2ef0-42c4-8495-68acd46289e6,benthic
483,5d44dc57-b27a-4e40-aaa9-dbc86db5ee4f,benthic
484,581c9d66-2c5a-4057-8fc1-862402729f70,benthic
485,59b099b3-1b97-4f9f-9d09-be8562ebe906,benthic
486,5b945202-1031-4078-ad64-0f43b3d21500,benthic
487,61c379ee-feb4-4799-bce6-60529ec74b57,midwater
488,5c335744-7b2b-40db-b290-1347ff2e1084,benthic
489,5ab1f34f-3795-4d36-b0a8-789ec39abcb5,benthic
490,576c0610-c1fc-4222-bdf1-27c1d85cbe00,benthic
491,60902c4e-45c0-4064-b91c-a06c34b451e5,benthic
492,5f23664e-71f1-4a74-b75d-347d81833e83,benthic
493,56acd4c3-a4dd-4411-8634-c359d78da5e8,benthic
494,5c2966ae-db79-4367-a203-47ae8e9e5f7f,benthic
495,5d2c1dc4-d404-4405-b6a4-d024d306800a,benthic
496,58473fac-2b46-436d-9705-4b772aede593,benthic
497,610747b3-5e8f-47c9-865d-583fb791dfbc,benthic
498,611dd961-545c-40b2-9fd8-e27f5d640bcd,benthic
499,5efb0498-8177-4fa7-baea-0facb43df24f,midwater
500,576ac4ef-e5b3-4c79-894f-09b2bcb4ed77,benthic
501,5ae19a85-5cee-4c0a-a586-7178021d8225,midwater
502,5a6c838f-a74d-4da8-a072-b6a5d7e80324,benthic
503,59e68970-5653-440b-9c9a-7e5bb28863be,midwater
504,58e9d0d5-1b80-4f54-8cc1-abfb0fc9ee81,benthic
505,5a9c5c89-1ac2-4a29-8eea-05868bc5ad8c,benthic
506,6808e635-ad88-4106-badb-0678aae4b1aa,benthic
507,63ed37f0-3c06-48c6-8767-b8891895e937,benthic
508,675657bd-e006-41e1-b6f8-93ce0775ca39,benthic
509,67083172-6691-40ef-b1ba-423693d86917,benthic
510,61cc837e-a29e-4c03-ad4e-2403af594451,benthic
511,68258a03-7281-4eff-bd8a-0d8355466a64,benthic
512,6416e886-5633-4f58-af74-f82a8e40aeb4,benthic
513,672e3613-2f40-43f8-a6a5-df303f705d30,benthic
514,6789679b-f63b-4e1a-9695-c2db4bec423d,benthic
515,624c98d2-c659-4446-807b-ad4453796dae,benthic
516,6695dab3-4f6f-4663-8ce7-e789f91d46d2,benthic
517,6525443f-8bce-422a-af93-856ad6404ce9,benthic
518,62c9e9a9-7afd-44dc-85f4-140645c40939,benthic
519,61f69ad3-6937-483b-89cf-56e6468269ee,midwater
520,6763162a-1d46-45d8-aa50-98ebfe7eb5d8,benthic
521,65295b9d-409b-4128-a80c-08b994a5bf1c,benthic
522,62f34c81-8e02-4d91-8974-c6c689c0af5a,benthic
523,6839bdf5-8867-4140-a4b6-4f8ad2adca88,benthic
524,61ed75f7-feb1-4215-a878-cc33689445e5,benthic
525,62bce07e-8680-40bf-b9f8-c0bc5e0e145d,benthic
526,65c57fb8-a268-4598-8c2f-9c2b0ce860de,benthic
527,687542c6-879a-4958-9d0a-63582508f47a,benthic
528,63b3f268-7eff-4f7f-af43-afa2bf24f72c,benthic
529,64d5f00f-d863-4f66-9f1c-a0f5bf72d956,benthic
530,62622453-5b14-4b0f-bed3-c54516296126,benthic
531,650a4344-a70a-4f71-b191-cbdcb72ff105,benthic
532,67251afd-8a57-48a5-9357-ca3be7055c04,benthic
533,63b8eeaa-f6e8-415b-ae26-51ad8ebbaff2,benthic
534,663d6c20-dd64-4704-851e-67b000052dfe,benthic
535,6204284d-63e8-4448-908f-f8041ba43742,benthic
536,66e8c29b-4f85-436e-8eb4-a22d89720207,benthic
537,6485c99a-bc70-4257-942a-35003b245a7e,benthic
538,62db7b37-d55d-4e95-99a3-53298e4f9a1e,benthic
539,651ade49-738b-463b-a246-8122c83630c8,midwater
540,674c5732-195c-4200-8eb5-9dfa6fa0588c,benthic
541,629b1893-a84d-45cc-9eb9-f1245ea49b58,benthic
542,66966a4f-4d0e-4f2b-bc75-b6b5ec29b5a7,benthic
543,659660a3-4843-40c4-b73e-2569dc47b4f7,benthic
544,64999aea-5f8c-41cb-b4e4-c30ad0c6b613,benthic
545,65c0ad8f-55b9-451b-9cd6-373afcfb71ea,benthic
546,674ab217-e095-4963-9d03-958b61fe99b5,benthic
547,6512a78f-5902-46bd-b3eb-cb8068867fb9,benthic
548,61e0aa99-68ee-4e86-8f57-10acbf2c5c81,benthic
549,660d318f-f26c-4b41-b980-2c4c65ec7a92,midwater
550,62bac275-335b-47f3-9ec2-a39c63464ebd,benthic
551,63a14114-0b7b-4897-a313-e06671d9f317,benthic
552,63f215da-398f-46dd-9988-2c39f26cfc9c,benthic
553,68029a5d-e392-4d89-a181-038adb2969d2,benthic
554,68540166-8aa2-4cc7-8a0a-03bbf510642d,benthic
555,679968b9-0fc4-4b4e-ae9c-b94233a3b7cb,benthic
556,6280677c-a211-47d4-b208-9d386126022f,benthic
557,66ea97b9-3c43-4290-8998-48e27480093d,benthic
558,6a7d2386-8395-494d-a601-cac9f383e211,benthic
559,69fdfce6-f339-4f6a-8ab4-7ade781272d3,benthic
560,733cb3bb-edd6-4987-ae27-1f7d4fa80fa1,benthic
561,6fd15005-a0d6-4a04-b187-71e017e282cb,benthic
562,706f1de0-8906-4e60-ba5a-0168649bc1c5,benthic
563,68f8c874-7b56-4b31-9bd7-d2190de0e738,benthic
564,6ea5741c-e735-4a3f-bc41-08b1a98dcdfa,benthic
565,6ad4b867-5db5-4763-a678-698fb6045dbf,benthic
566,7302951a-d626-4a7b-9208-8ab2840337c5,benthic
567,69cc174a-9254-43a9-8043-0406a18c8fd0,benthic
568,70f3099f-c7be-4ae3-b035-ee7f101eb644,benthic
569,710f559f-5707-455a-83f1-37157220cfa7,benthic
570,6f18f3b9-2452-4659-92c2-0ef5d9de8b10,midwater
571,724f1f50-6039-464e-8341-bb99897fa50d,midwater
572,68d505e6-b66c-4a6c-b112-af28a8e54665,benthic
573,6bc5a9b4-db4c-4885-bbd4-6e89f2f3c4e1,benthic
574,68d8cfe1-2908-42c0-ad25-7b2d12577f04,benthic
575,698add28-ac1f-4de3-8166-91d76a6f4b24,midwater
576,6e9697aa-3eb7-40e4-aaed-fb8bf569c3db,benthic
577,6ed29fc2-93e8-40f7-a16a-052f6d8909b2,benthic
578,6ac39123-2f8b-491c-80c7-899e3175fd4a,benthic
579,6d2edb6b-4e04-4f01-98f4-17532f6300c4,benthic
580,6ace8f0a-2ef0-451a-a89e-675e7e9e6969,benthic
581,70cf9c95-4872-4f80-8c23-1268b4650738,benthic
582,6a1656ef-666d-41af-bd2f-5f664f1b15e5,benthic
583,6de233d2-d9c3-4bfd-9380-dc7f2aae8fcb,midwater
584,733f4cbe-af39-4ccc-8805-432818ca5c39,benthic
585,717fe05b-012e-4950-9e7f-3b471f8ce1d9,benthic
586,72c1765f-a3b8-4f64-aae3-cfe843079d62,benthic
587,687bb169-a079-4895-a9a5-d560846a5d4c,benthic
588,6f4b3148-4d5a-4e7a-8514-3e2ed9f033a4,benthic
589,6be39a55-28d3-4c5c-a799-be55acf9b433,benthic
590,6e3186d6-3835-45ad-a8b4-cbd536d90509,benthic
591,6e804bc8-f63a-4892-bc5c-b13540e6a823,benthic
592,68bfc141-4c74-43c3-b48d-3fba17b46afb,benthic
593,6cfd5d8b-319d-4c6c-a9ca-c14568046fe8,benthic
594,6ec57fa9-854c-449c-8e2b-e8413f5e6928,benthic
595,69f58619-1243-43bf-a22c-b048da862f37,benthic
596,6cae57db-b16f-469f-9572-e676b1a47d05,benthic
597,729bada5-0086-424e-b441-938469e441a8,benthic
598,71fb535d-2334-4ad7-95a2-d3120ed2f3de,benthic
599,6b8eeab4-ad11-45cf-aa14-c21b756c8e1d,benthic
600,72f75c0e-f2bb-4e1f-987b-ccb63e368589,midwater
601,727ef3fd-ac7f-4368-b1d5-aea20e5301c8,benthic
602,71592a0f-aafb-412a-b854-2b78f8fb0549,benthic
603,6d040367-12aa-41bb-9766-00c10cb2eafc,benthic
604,694c7ff8-3355-441c-91f4-756e7e4efcb2,benthic
605,7333c72e-724e-4273-bbb1-bc268baf08fb,benthic
606,7278d63f-3feb-444f-9935-8e7d747552b4,benthic
607,6f8ed9f7-6e24-4340-a3c1-f71b0584fabc,midwater
608,7744d7fe-dc20-4310-b3ef-d0a293b20853,benthic
609,781c6990-5f69-41cf-b8e4-d75938eaa406,benthic
610,755fbcbe-76c0-41d3-b115-9ccab1ae7236,midwater
611,782055bf-f122-439d-8f53-06904b6dfe5a,benthic
612,795f436d-054b-4883-bd1a-d57bd6035047,midwater
613,76df2da7-1ea7-4ec0-ad67-3b5a80b276c6,midwater
614,776c4bf2-d340-43ae-9419-6da9ce86adb7,benthic
615,7a30e544-2180-43b7-b625-1970b897d930,benthic
616,78eda089-3a6f-4e30-a6b6-574471b2b54e,benthic
617,79383f5f-c405-440e-8a25-cc2749f429aa,benthic
618,75433027-9355-4cb9-9dee-5938bffe95aa,benthic
619,7567d3ef-2840-42ff-b5e4-7d1c122b62b5,benthic
620,77632ec4-c383-4e3a-8efc-7c7186076b6d,benthic
621,77c3384f-1487-40bf-92af-a3b7173ed34b,midwater
622,76a6ab9a-9f23-482c-a3af-0b87cdfde63a,midwater
623,7774c394-62eb-45db-98cc-d331be7d0df4,benthic
624,767b7ac8-9cac-45c5-af6e-a333c2ad7a5e,benthic
625,742a9495-8477-465f-9298-884c05a19fca,benthic
626,75e1b3f4-ce4c-4144-9b2c-55ab407ddfd5,benthic
627,7463dc2e-7930-4e4e-84e8-82c155cdd10b,benthic
628,79e2844a-8ee9-464c-bfae-3f1e62106d30,benthic
629,762612e0-bb25-4c85-949d-78d5d0f59d70,benthic
630,79a7c477-29ae-4aab-82aa-fc047fde1503,benthic
631,7a3a6786-a854-4eda-a151-8495619b2e3e,benthic
632,79ee7f1d-645b-466b-8440-01e679986b39,midwater
633,7a60043b-ce17-4343-9cea-3e4a5776ba31,benthic
634,7a59e3e8-7531-4807-828a-f4695cdb6bc6,benthic
635,768a7d01-d679-4778-bf66-827833d96174,benthic
636,7422781c-1fa1-405e-b7e7-36b11cb609e7,benthic
637,744f0198-be67-4270-af5c-0cafd9d75d75,benthic
638,788c047c-2456-4317-a3fd-c6fa79249b15,benthic
639,75d7f792-df2e-4d3c-b12f-2fcd8b7e5674,benthic
640,773351a0-6174-409c-8774-2e5a77574f06,benthic
641,7b22557a-c8e0-491f-8cc6-83bce920540a,benthic
642,78efa71d-f83f-46ba-95db-71a712e3337f,benthic
643,74f90639-7cce-4646-a83d-0716540a0bbf,benthic
644,78684e80-0308-4c3d-85c9-1dbb04567d41,benthic
645,7347a5fe-2f7a-4e4a-85d8-67c606fde7b5,benthic
646,75309e39-573e-4c6e-83ae-328d8aea7963,benthic
647,75f61221-90fb-44b8-b916-d9dfb18d87fa,benthic
648,74e83d8f-8478-4f0d-addb-a0b2c4f8270c,benthic
649,76a487e0-7076-4118-86b8-3dfbb0ca0b5f,benthic
650,797f388b-4ffd-45b5-91d3-59ce6fdd0475,benthic
651,87008764-de03-408d-a939-84168f44dd4b,benthic
652,7499dbaf-71a3-4c1b-9e39-ee7f3be3de5a,benthic
653,7510e888-8f2b-4f89-a174-cc32edbc492d,benthic
654,739d6549-2e74-4ff4-aa44-d5e12a769fe2,benthic
655,791ee66a-293c-4895-88b4-6ed4c7c7b189,benthic
656,77607464-0392-4312-9539-1aeb14245a76,benthic
657,7b68c33c-fc33-4688-99fa-09ef769c16d8,benthic
658,7ed5408d-460d-425a-bacd-131698c20008,benthic
659,7c7df00d-37b7-49ad-8ec8-6b0f8ee01169,benthic
660,8251f78d-cbfb-4289-b7b0-59051e2c7933,benthic
661,80419e89-8c76-45a1-bf9a-1e289d038361,benthic
662,85aa987a-37f4-4ab8-8986-2ba88c176b6d,benthic
663,80c3135a-2b12-4daa-9ba3-3bab36abcc78,benthic
664,7bc0fd0f-cda4-4385-8d04-3784c2bec051,benthic
665,85767927-9cbf-42b2-9afb-e95dc3438994,benthic
666,83b42e6f-5029-4314-91bd-28739d9400dd,benthic
667,807919be-cda4-4211-91a4-bbb21fcf1746,benthic
668,7bb716f9-58d8-4d50-a6ff-9c958c17181f,benthic
669,802cbc3c-47ce-4942-93fb-7f38ca6674b1,benthic
670,7c4656b2-e9e1-437c-9363-62bf4aae78c2,benthic
671,81548a70-8bcb-4dd0-a0ec-72079eb8287c,benthic
672,855cfab3-33df-4d5f-a315-39442897414c,midwater
673,814261a0-9766-4989-ad13-63fdf4114ab7,benthic
674,813e8d3a-a699-4758-b639-59e00b9260bd,benthic
675,825bdaab-1db1-4053-9137-32025e25638a,benthic
676,7f2664e9-1a16-44e0-9361-bcf69d4d8605,benthic
677,7d3d51cd-3ff3-44e9-ac92-eccf6e4afd56,benthic
678,7d343b4c-70bb-40c5-8913-362ed87eacdb,benthic
679,82491432-f554-4eb6-b49b-b11da6918aba,benthic
680,82afea24-b1cc-43b3-908c-9783786d4003,benthic
681,843a5963-5a26-495d-bb20-5683c542eb8a,benthic
682,7e2a6d57-1e79-4520-a391-01fcff4bacc2,benthic
683,818c9b1e-7fce-4207-9557-d24cf8a13188,benthic
684,82a2e62b-1781-45ea-9daf-a08fe5413f13,benthic
685,80b80330-f171-40e1-a6ab-8f517611d4c1,benthic
686,8520995a-68fd-41ec-bf79-63edf7d24bc3,benthic
687,84e3e095-dd0f-4b8c-a5d3-92582572bd5b,benthic
688,7df4ee6c-44fa-4e4b-8099-85e86fa29057,midwater
689,81f7b6ca-731f-4b5b-a70a-d91805a328b1,benthic
690,7dfa5da7-08ad-4019-9356-82806633146c,midwater
691,838c7119-5ec1-4588-8dc2-c5c047170c90,benthic
692,82db33ce-a1b3-4b18-ac0c-000c796ed444,benthic
693,81ba7f25-5100-4947-9067-c4e1460c51ae,midwater
694,7d749d77-4e32-4ee0-8707-a4545daddeca,midwater
695,81957a95-08cd-44ce-adf6-88ed82bb1842,benthic
696,82810966-c260-49c2-8dea-4ced82e849cc,benthic
697,7b8f3635-ef3f-44fd-8819-6a25930e01a5,benthic
698,7b4affb9-c544-4bd2-90d2-386dc7e82344,midwater
699,7ddee3f4-5e93-47cb-a14c-d76fe66e7d07,benthic
700,85803be1-d861-4945-acd3-4855f687f573,benthic
701,7d98544b-b0bb-4c4a-94a0-5623661adcb7,benthic
702,7f5ec348-9df2-44a3-a820-64b4d3526d55,benthic
703,7f483f6b-a829-4ba3-b3a0-74bf249449d8,benthic
704,7d2eb717-fcff-4bd2-9030-ad20cac3f020,benthic
705,7ba90389-3ead-474a-b6c9-ab17e769c418,benthic
706,8384455d-ba76-46f4-af5d-80b44aaaf40a,benthic
707,84d7ee61-dd17-45ae-a896-60ad5858eab5,benthic
708,8deec5ec-dde1-496a-a045-91028ab36495,benthic
709,8cacf586-b4ee-4294-868a-436c4b48d31d,benthic
710,870acb27-869d-4ff6-9e63-b8578fd76130,midwater
711,8e3dc2e4-0df1-4c63-a8d3-c88b72180431,benthic
712,8b58b718-aef5-4011-806b-e7e3b0dc11f6,benthic
713,8e36d657-6816-4824-a978-124142981103,benthic
714,8dc8be53-08e7-43b2-ab85-29b3ee7f821c,benthic
715,884b7b1f-c476-4187-8baa-4362544b2a1a,benthic
716,8ee95d6f-e2f3-418d-9f5c-fb85ac7b89e9,benthic
717,8a158392-ca99-4427-bdee-0d9b9df79f56,benthic
718,8eaaa26b-0467-4d6a-9a06-f5f0487926c2,benthic
719,89fb8a8b-4b2d-4ba6-88df-39789495ad3e,benthic
720,8fa223a0-f698-4fcd-a76c-a0f8ba3342bf,midwater
721,8fac2357-0f67-4734-b628-55f211178ec4,benthic
722,886e794b-ee2a-4b26-b61f-d43d33ea32b8,benthic
723,8c6dacbd-c43d-492d-804a-cc970ca029f1,benthic
724,8d64fb53-47cc-4de6-8e3f-96621a57a944,benthic
725,881b07f8-3948-4bf1-9bbd-4f6654a7ec7a,benthic
726,8bfec9c1-264e-4789-9f7b-91394cb863d3,benthic
727,88fb8c25-2580-48ce-9e2e-d0c4a7fc8081,benthic
728,892da162-6815-42ca-8afc-4865db5cc43e,benthic
729,8ebc614a-a660-4818-980c-ca3eb7a7a60f,midwater
730,8c809974-907f-48e7-95f6-df3ecb86d2be,benthic
731,8d447766-f05f-4883-9694-cd079cbf1c40,benthic
732,8ae96286-db34-4c75-8841-6efff62a0a4d,benthic
733,8c3b56b6-4ca7-452e-b225-5faa14d5cf47,benthic
734,87f9b9d3-0594-448e-a30f-4bedbdde50f8,benthic
735,8715f0df-e769-4370-83a1-338772007c42,benthic
736,898fedf3-daa4-4b9f-a84e-38548b33769a,benthic
737,8b854f48-207e-4711-a95d-c3004dbfd20c,benthic
738,8ce7cad7-0d3b-4ef9-861f-d5bdc2732dd3,benthic
739,8da4575c-3b31-45c5-926d-2010cb5827f5,benthic
740,8d63cda5-c646-4720-b6b0-9dbd98931686,benthic
741,875461bb-52e5-4bb4-91c3-cbcf97fecd04,benthic
742,8a9f19bc-232e-4795-a4f6-2871377b6579,benthic
743,8c6ccba8-ce04-4a98-a665-6b1192770dde,benthic
744,8c5cddf7-2a7a-4baa-9a6e-fbbb103c83c9,benthic
745,8ca0d6cd-926d-4ab0-a268-af47cd28628a,benthic
746,8fa04e9c-50c0-405a-bec4-f5bbaf7c53d4,midwater
747,8e1363c0-5d20-4b4d-9799-0625f43552ef,benthic
748,8b2ba55f-08b2-431c-b5b4-4a3f6d91df20,benthic
749,8dc58949-2b6d-4463-a5f1-ad624de7eaf8,benthic
750,902b4642-e052-4d33-bfc7-4ed6d4b78a13,benthic
751,8d85276a-e424-482e-a713-db97802ed2fc,benthic
752,8c4de61f-1626-4a9c-ad03-2892e6619a7a,benthic
753,8be18084-0538-42dc-a08f-cac7604e48ee,benthic
754,8f4bba11-ede3-4a9a-812b-4f2513f209d6,benthic
755,8aab380b-cd71-4384-817a-943f82593fb4,benthic
756,879c1db7-4d33-47be-9bd5-4b1a112db797,benthic
757,89d0f118-eec7-4de4-97a5-a07550694ce8,benthic
758,8935ac81-78bd-4e8a-8232-105fac6a9910,benthic
759,96745fc3-79d4-476b-ba41-7e5444127082,benthic
760,94b5feb9-ead8-4c54-a66f-e4e0c7d1bd96,benthic
761,94a6b943-9cb2-4f5b-b788-c61addc31fb9,midwater
762,97de2321-c7c7-46e6-9fce-10dd0c209b9d,benthic
763,931e17f0-be4a-4e17-ac1f-33b3e764bd66,benthic
764,92f400fc-3fff-4868-bc61-88da39af81b5,benthic
765,90befaef-697e-45b2-a45d-a654fa835541,benthic
766,957f1315-383f-42f2-9866-6374a5058d76,benthic
767,9503c391-2811-4dd1-b953-4991113451e5,benthic
768,9400323b-e3e8-4fb6-8fec-5476688436b6,benthic
769,96069366-1a35-4098-a3c0-fd094b839297,benthic
770,9039cdc2-5fc7-4348-899c-3f70adec2956,benthic
771,93246182-a44d-4b4a-99b6-b28852d7fe42,midwater
772,93a10235-50ea-4d15-888c-f876c2987592,benthic
773,944b0947-dac4-474d-b3a3-c212cc6c8c92,benthic
774,93334d46-2653-4c6e-8515-68acdaefdaab,benthic
775,959fdb36-443a-4f64-9d24-22bc5a9209ba,benthic
776,911e42c6-ddb9-43d7-a28f-32da0912d344,benthic
777,92f60f29-572b-4d60-a864-3d18a6e7800b,midwater
778,97f90789-8f8d-4b5d-bba3-82fd83e03c49,benthic
779,91035ac0-5c0c-4b22-976b-511b89b87ac4,benthic
780,9152f4c3-b5dc-4646-9996-ba37926960cc,benthic
781,94f87df4-9f71-437d-8a0a-9f4e2a08f991,benthic
782,9690463c-7673-4acc-b1d7-d3872c6402cb,midwater
783,913dfdc6-1e11-4f56-aebc-514c24a1075f,benthic
784,94732380-4608-4b86-abaf-93c39891088a,benthic
785,93270043-d703-4463-9edd-b111b9068ead,midwater
786,948717c4-e5d8-4cbf-a9c8-0f0f2be7a208,benthic
787,95c347f0-1559-4ef1-9360-03e0e317f735,benthic
788,9670a0fe-6ea7-402b-bdae-73984c9e4efc,benthic
789,91c0769d-83b0-4fa4-9f0c-58ed5c67cb42,midwater
790,92092073-bc35-4951-94f3-7a57699a5891,benthic
791,92b94a35-55e4-4e6d-974a-4e856ac485f2,benthic
792,95a70cde-5f4d-4c7d-87c4-4ba794830b2a,benthic
793,92dde72a-2b1e-4e21-b8eb-6c9e2ae15616,benthic
794,97635bd0-ab3e-448b-8f5a-18879d3fc1d3,benthic
795,977d85bf-d17b-4ddb-96b2-48ef0cb3af7c,benthic
796,970483e5-185f-4da8-bb24-a7cf0e208ac7,benthic
797,97bbb685-b87e-41c7-b194-472dc5bb6d30,benthic
798,95dac5da-747d-4d0b-a368-a1458761386a,benthic
799,908d6411-d3d2-48f3-ba1f-218f865ffed7,benthic
800,96c1f3de-e0eb-4d59-93cf-7a8c3651bfd0,benthic
801,970253a6-4ee5-452c-9578-8828bcfebaa3,benthic
802,96e50888-23b4-4dd0-8378-966c2317ee9d,benthic
803,9540f777-9ba2-437f-973e-eeff0432cc46,benthic
804,918e9203-2ef8-4c31-bccb-8b4e5eacb34c,benthic
805,927e0c30-e610-411c-9887-d17ae906ee07,benthic
806,94b63717-74d7-48c6-a9ef-960dcb2093aa,benthic
807,930424ea-3100-409c-b7b4-99042f880c7b,benthic
808,9f2029a9-d3e4-4c94-9eb3-507b9763a41d,benthic
809,9b359132-faea-45f1-963e-5f71d931b275,benthic
810,a0be5872-f8e9-4e8b-b241-be71b805f43d,benthic
811,997d0573-449a-4113-b988-93187646abd2,benthic
812,987d71d3-b4e2-464a-b3c0-419aaecf72b5,benthic
813,9d8aedff-2a90-4af7-a083-7c16b6813ac8,benthic
814,a1830893-c407-4af9-99e3-7e0040d039be,benthic
815,9fb8b134-cda7-46f0-875b-59ca3be4b2b7,benthic
816,a112f1bf-e9ca-4d23-aa61-47237db3fb97,benthic
817,9ec09b6b-d1fc-46d4-ae29-29704578ed78,benthic
818,993803e1-4f4b-43c3-8ea9-a15109ea05fd,benthic
819,98c5afbe-0b87-4b65-a962-45eb6829d07c,benthic
820,9cad699b-26cb-40b7-b8cd-403cfaae1113,benthic
821,a1d3d5f8-cb78-4aae-9b42-4ad3fd9b94f3,midwater
822,9c81b15d-03e2-4e81-8375-2106c472dedb,midwater
823,9b164392-64ff-4ce9-b256-3ee430921c7c,benthic
824,9c72a9d9-8265-48a0-b0fd-69db6d7ef039,benthic
825,9b62105f-2a1d-4ed4-82c5-90f0b3fe6159,benthic
826,983bf19a-5f87-4f84-abd2-d1bddb2f18a2,benthic
827,a13de0b1-8d6e-4b24-bd8f-8df7c4bcafaa,benthic
828,9d318556-f9d1-498e-84f4-a0a6e6512521,benthic
829,9e2c42f1-eb1a-4e43-9060-eebf0e27e184,benthic
830,986c9e27-91f0-49cb-9b94-2826364d09c6,benthic
831,a11740c5-e939-474b-a934-b7817b2e84c7,benthic
832,9c9c7bb8-95e7-41ec-bf49-7c61d7ebda10,benthic
833,99824fa4-610c-4aff-9224-94e9728399fb,benthic
834,a21b1fcb-7373-4000-bb5c-43780842f8bc,midwater
835,a2263902-e96e-42d5-ac19-2dd00f834aec,benthic
836,a1568d9f-e95a-4dcc-8317-5dbada79fd95,benthic
837,9ceb00d6-b2ac-45e2-9dd7-7d0f68a23dc2,benthic
838,9dc3e70d-8068-44ed-bb65-51518decf24f,benthic
839,a26c13ae-ed00-42eb-aad4-1958e95eb45a,benthic
840,9cb025a5-86f6-40b4-a437-4f26f43a3bc7,benthic
841,99079364-ddbd-4c69-8ccd-945e052bedd4,benthic
842,9fc025d0-09c5-4173-b7eb-03de58ca1d03,midwater
843,9be595bd-1742-48cf-bbdc-88e56de8528d,benthic
844,98a73022-3374-4f64-8d4a-882bee152401,benthic
845,9bfa98ee-261f-47fc-8bec-74520aaf66ec,benthic
846,99a67cd5-0a19-4de9-b6d5-2f7a9aabff3d,benthic
847,a0ad0789-ed84-4926-b50f-a715e816bff7,benthic
848,9f78423c-434a-429a-b5bd-30dd9c09f64f,benthic
849,9ad7a932-1eb1-4d0f-b100-4a4982357e47,benthic
850,a11f76f6-539a-4737-b54f-d27a41a70ce0,benthic
851,a0f3eca2-6c93-4241-83cd-4589bee3ff1b,benthic
852,a005088d-c6cb-45fa-a882-0390313bcc79,benthic
853,9c062677-79cd-4fc8-b993-d2fc4011ebef,benthic
854,9e6a9aa6-768a-4d10-8a0c-d4cb5a9ce96f,benthic
855,9d8afe4a-57b8-422a-b64e-96bf7645c0aa,benthic
856,a0903a5a-a7f5-460f-8a48-034d48c4ce17,benthic
857,a09ae230-c78a-4af4-9dc6-9da86547ce52,benthic
858,a48779ca-5569-4397-82d2-66891adc3875,benthic
859,a6d38768-03dd-4d72-ae6a-7dbe230fd9c7,benthic
860,a646d7b7-2d51-4e8e-8d1e-91f8ea4e23d0,benthic
861,a43ed2b9-2e72-4cca-aba3-56947b677359,benthic
862,a4b8de00-3a24-40e9-82dd-3e8bec6e1794,benthic
863,a62ce814-9e57-4f10-95d6-b37576ea339e,benthic
864,a9a050f5-b52c-4835-9b03-eb2433abecbd,benthic
865,a3a4151f-e6fa-4f6a-873f-2e6ab73a10e7,benthic
866,a6c020ad-a23f-4d01-802d-3ae76a70ff07,benthic
867,a8838ac1-dcbc-4191-8d8b-c24e2ef05e3e,benthic
868,a5d863c3-f116-421a-ad26-9e40c5147545,benthic
869,a704871e-0539-46ab-87ab-4f79bedab2c9,benthic
870,a96bb39f-dfee-4373-a312-48bdccbf6d57,benthic
871,a77a08fb-e512-4632-a91c-4ec9e444a1c6,benthic
872,a8ed9be2-4e92-4d34-b2ae-a45ecf0fcb71,benthic
873,a2967758-d112-4b21-8833-d9713a09bb69,benthic
874,a68b0163-dca9-4d60-a02f-88dc212b9360,benthic
875,a7e5bcc0-ff9e-408b-8ed5-127c204f76dc,benthic
876,a82465a7-9794-4650-8dff-1b2df3a12285,benthic
877,a2c2cd7d-4adc-4fe5-9e93-d9d76a00c247,benthic
878,a5584074-e082-4542-94dc-7261b18e4cc0,benthic
879,a9d2bc73-404c-4928-bb90-eb52c1ba76b2,benthic
880,a3b05738-22f6-4189-8574-b6be9ef6f3ae,benthic
881,a7222f0e-2fda-4735-a405-e0c8d018fecd,midwater
882,a3ff0a68-3a03-475c-a270-0f783f05254c,benthic
883,a9f764a3-926d-4899-b2a8-4b7da5674ec0,benthic
884,a4eff4a7-eb5a-4cde-8f29-5196ccb6a3c0,benthic
885,a273b1ea-38ec-416d-ac5e-9040e07f34ac,benthic
886,a75e9205-0fc1-483d-a58b-983e9cdf30b5,benthic
887,a3eff16f-4c14-4dee-a983-64cc07608fb3,benthic
888,a535cf23-6b19-4cfe-8c09-d1e42a2ef06f,benthic
889,a93c87ba-561f-4068-9684-bc998ccefb7d,benthic
890,a8c84eb8-a639-44a8-bba5-05ce60a3669f,benthic
891,a742038a-f996-499b-ab2e-a22597b8dcf9,benthic
892,aa42b3ca-f9cf-446a-9b28-07868422acd6,benthic
893,a31bb981-c07c-48d5-bb26-7347787d71e7,benthic
894,a68711ba-8288-4cd3-8ad3-d98f177cc26f,midwater
895,a962e8e4-59cc-4c68-9c74-0d6a96869bd6,benthic
896,a523aee4-016a-43b6-a0eb-5dff89d83721,benthic
897,a2a20496-0f56-43dd-9536-ac6604f8dd35,benthic
898,a78fbe75-02f0-4cd3-af68-aa7bb8c56f43,benthic
899,a2ce2505-5347-4815-8066-6a2aa4f4074f,benthic
900,a5de49d3-dff2-4e81-8d83-45acc5e2d3f0,benthic
901,a5d1ed86-883a-4ecd-a52c-fd74aa4d8c95,benthic
902,a557b574-e507-49e7-8793-89f577c12c45,midwater
903,a5d29fc2-e460-4aaa-b281-8f44accd73e6,benthic
904,a95dd73a-cc65-46b6-bcaf-150e596d678e,benthic
905,a9cccdc2-51d9-4f9d-b3c9-7442633ced42,benthic
906,a9e33374-a10e-4871-bd2c-4119aea0c9bd,midwater
907,a977a264-6fc1-4c37-b636-a9e465606e19,benthic
908,b39e2951-c0d0-4eea-b488-b6425cce2bdd,midwater
909,b4668a20-cc92-47b8-9cfa-3e5ae9cd6da1,benthic
910,b42a27ef-88fa-4ff1-8b33-2492d84e6489,benthic
911,b358b9c7-ab78-4cd7-a66d-d705cb7dc958,benthic
912,abb1e8e4-25a5-45b0-afea-b3ff156856b7,benthic
913,b09aae09-d9c5-4c21-9d57-21c5af5a05ac,benthic
914,ae2d47fa-e131-4b9e-914c-442762f370ae,benthic
915,b1c5af1b-7754-4040-b18a-a5656a61c1d7,benthic
916,b3a0edfd-b4b3-4266-a3bc-8246dcaff3eb,midwater
917,b047bd6f-bc19-448b-a3f7-3513f16065ee,midwater
918,aafc1444-4cf3-469a-adda-f0070c8e1594,benthic
919,b2824025-58fd-4db6-90f3-aaa75e41b64c,benthic
920,ab1e5a20-bd22-4269-97f4-c870dc742675,benthic
921,b449200e-ae72-437d-af3b-2a6136c71f87,benthic
922,b2b9dbbd-1f29-45bb-920c-e2afb34ec0a8,benthic
923,b2b83c8f-1486-4d5c-acdc-03c08eceefd2,benthic
924,ac6f148f-fffb-40b3-bd9c-9f92e8e2175c,benthic
925,b1c16ca2-9707-4893-b417-2038f5a10ce6,benthic
926,aeb62274-eeb4-493a-a162-31ce614486e2,benthic
927,b16262a4-210b-457b-b9ee-cb9320a9db2d,midwater
928,b4d7a54d-9a1f-4c3a-98db-ad72f70ee656,benthic
929,ac47291c-67a8-416b-90c5-7f416fd2403e,benthic
930,abb94317-4f8f-44f9-b267-0c425fd00118,benthic
931,af198884-34cf-4ea8-bf5d-a0d4bcbbaf65,benthic
932,b054af14-796f-40bd-9da7-a7278c48e400,benthic
933,ad3cee39-7015-4295-ad27-d75824118fa6,benthic
934,b1f1a0e3-f154-40bb-8aa6-3da516a6b474,benthic
935,b1cb527a-b5a5-4d9f-af6a-4f9dafbd1f30,benthic
936,ae4312b8-fb78-415a-8180-15d6406c33bf,benthic
937,b2bbfbd8-e207-4647-b1ad-6c9db5b4d7e5,benthic
938,b4b84bba-5105-4180-86c1-5ad307887a75,benthic
939,aa4cd115-9ed7-4b37-bfff-9be015afd68f,benthic
940,ac6610da-84e6-4f0d-823e-ac25a1e09a78,benthic
941,ab6093ee-7865-4551-a004-07c1bef562b4,benthic
942,b2cddf81-b0b2-4b29-86f7-99c305514545,benthic
943,ad8df83f-68a2-4ccb-b977-85afdec2e02c,benthic
944,b46e48e2-b472-4319-aad2-3d3a7142a2cf,benthic
945,b0657a1f-535e-4202-b81f-3d8a6ebd9988,benthic
946,ab64f2d5-55b8-4c67-8a6b-730db6570ba8,benthic
947,ae77e88b-24f2-48d6-8e46-a1333c7a4303,benthic
948,aff0f372-044e-44c5-89d7-4bb73bd01750,benthic
949,b16498c3-ed97-4f90-947b-ad5c37675fb2,benthic
950,aaaf329e-f4e4-4405-8098-933aca5d70dc,benthic
951,b1d10980-e3fc-449b-918e-a78a3f00c65b,benthic
952,b30f5bb5-6e4c-4d93-b7a3-fde562ba455d,benthic
953,b07fe222-4a40-461b-9b93-bbce1d008964,benthic
954,ab16e9e6-860d-4a90-9741-fa8f539f5c7c,benthic
955,ad564202-e481-41ec-9827-99beeda38846,midwater
956,b13cf77b-8831-46d8-814e-ec09aa090f53,benthic
957,b42421b5-659a-46e2-a3c4-f85ecbad22b8,benthic
958,b53e69a4-11ab-42fb-830f-b1c15ae16ac8,benthic
959,bda063bb-55cf-49f2-9cce-d671da4670c2,benthic
960,bea317ae-5649-469e-816e-a38f3585dbd0,benthic
961,b5bf1e7f-8de8-49de-bc80-ab05882f654f,midwater
962,b8920b4e-f19c-443d-b1b0-e86ec17cebf7,benthic
963,b5bac391-1ec2-4cd4-bfb9-a09302816474,benthic
964,b7c2b6a9-848a-4b0f-a780-9fa45d56a326,benthic
965,be9dfbef-4f61-460d-b09a-b2cae6cb50d9,benthic
966,ba18c8ca-d946-4ba5-937f-cdd3743a6b81,benthic
967,bc7397ec-faec-409f-8a80-5a949c440cd1,benthic
968,b85cdf04-2d2c-45bd-8877-9b5921dfc0af,benthic
969,bde0a43e-edb3-4a09-b554-e4a5e64ac0d5,benthic
970,b875da8c-1767-4b58-b543-6bbe11d65a2b,midwater
971,be8f2d92-535f-42d1-a5d0-2f938c713a9f,benthic
972,bb9ef106-d662-4b58-ad9e-473b9f4bd7be,benthic
973,bbde9773-a9cb-47ec-a95e-f761532d4473,benthic
974,bc9e76ab-bbc7-45f4-a05d-ba42472f3c13,benthic
975,b589f98d-6221-4021-a373-d54d668932e9,midwater
976,ba576d14-43ec-4a7a-9ec0-9a22ff7e6a93,benthic
977,bc190c2e-809e-453d-b2f5-28ee7a5790bc,benthic
978,b4f3d724-78cf-405d-86e0-68cfa4da1cde,benthic
979,bcfd9f5b-d80e-4a0d-a54e-6440b6f7b143,benthic
980,b9888b01-d1af-40db-a8c2-83f8bc9c3cd1,benthic
981,b5c04f14-90c1-415b-962b-11616ab8bdc8,benthic
982,bb3de162-b031-4c8d-93ec-8e4af7744ab3,benthic
983,bbeb58be-05af-40b7-95e0-9da6385dffd4,benthic
984,b9aec879-f20a-4e56-aba5-a6a7a9df3bd6,benthic
985,bc03f5db-49a1-479c-ad9a-4e5d4a2931d7,benthic
986,b8335f1c-88eb-4ab7-a81f-e808de71558d,benthic
987,bd96c584-0038-4c40-b558-4d4eeb0adf3f,benthic
988,b52d8cda-de16-4b1f-86cb-a8cbb975d2ce,benthic
989,ba4af4d2-0471-42d7-8155-0eda87d02330,benthic
990,be6976c6-0b50-4d5b-a805-68ff83f3d4cf,benthic
991,bb16809f-932d-469b-b3a0-eed0ca4f420f,benthic
992,bcfb9aa3-947c-4e0c-9fe7-149d8587eef4,benthic
993,bc1c3d0d-0618-4746-8378-c95885e434f8,benthic
994,b5e8cb9d-546a-4208-8dee-dce7b4f2f27b,benthic
995,be42d3c4-e598-4baf-90b1-7f743887b096,benthic
996,bd343d1a-40ba-442f-9a83-1a55d572c0e5,benthic
997,bdc06ebb-a6a7-4e15-99e2-f7db8e0ab70c,benthic
998,b76be741-7b60-4ec5-bab0-9a6b2d293a9c,benthic
999,b6b7b399-6f7b-4688-a734-93f290ded7a0,benthic
1000,ba1180ba-0082-4381-910b-c83c857ff8fd,benthic
1001,bd31a6d0-6146-4d09-81ce-a98f4957602c,benthic
1002,bde54b2f-ad7e-4114-9279-857937535971,benthic
1003,b9598c9a-1b2b-4752-8e8a-543ecc1be30a,benthic
1004,b86b7fb4-2dd8-4e2f-9dc4-7748e18bcbef,benthic
1005,bcd59152-e480-4679-8e42-52d1e1fe3cc4,benthic
1006,bdc36752-4f82-4034-a171-529145a5bc17,benthic
1007,b5d03702-ca24-4836-9855-4343837b4c1b,benthic
1008,ba846138-73cc-4ca3-9a6d-f550fb555611,benthic
1009,c4edce04-336e-491b-a7d5-bf375f8c94db,benthic
1010,c43828a4-6269-4e91-aa16-ae3888c1b8e1,midwater
1011,c177f828-6a2a-4471-abff-09ce2e78c8d4,benthic
1012,c5057248-f7fa-4e64-8616-0f399f659b63,benthic
1013,bea96a57-c54c-4edb-af97-9d4b48100e23,benthic
1014,c2c60cb1-3b19-4c47-b24e-3c8bd977184c,benthic
1015,c0ec1ba8-bfdf-4ff4-a57f-17f9f80ae75b,benthic
1016,bfd5997b-1e75-442e-88a3-f1b3c1dc1fb0,benthic
1017,c25e392c-69d2-4922-9918-a1db6d695f63,benthic
1018,c315fc22-3c94-48d3-b740-18ab919164df,benthic
1019,c56921e2-a53b-4c1d-b52a-66b3bf7ce152,benthic
1020,c1c11007-d408-4c07-98d8-18fd92cde6a2,benthic
1021,c466e88a-838b-4e11-90ea-ad6c66ca534b,midwater
1022,c05ea5ac-8f60-4438-bcb4-1b53434bc834,benthic
1023,bf2d3cbf-1816-4afe-9005-5d1e90e16180,benthic
1024,c0e43650-c728-4499-831c-3b583c6bd156,benthic
1025,c34a0e6f-bbe5-4839-b8c1-dec33b10c1f5,benthic
1026,beb95702-f03e-45e7-a67b-a019c085a16e,benthic
1027,c3d136a7-a450-411a-b133-ccda1fe28390,midwater
1028,c0927789-fa1b-4a1f-ab75-430ffffa8f8e,benthic
1029,c5e5376b-3b19-4719-80ba-861c6ec121c1,midwater
1030,c0cf8a1e-35bc-4505-873a-0bece36bc9c5,benthic
1031,c40874b2-a03e-4831-8908-0009c68e6027,benthic
1032,c4590ed4-fb9e-416a-be2d-c3047c96908c,benthic
1033,c41c7b03-3f70-4ce7-8f22-38a73ab3b61e,benthic
1034,c4e6cc83-e9af-49f2-9625-1c762142c46e,benthic
1035,c35e54d1-8f84-43ef-bb00-a1e33b6c3eb5,benthic
1036,c5d5735e-7557-4a86-9585-e1d743090e11,benthic
1037,c2d9e823-e74b-4fa5-8524-283c942e9b11,benthic
1038,c297cbd4-e635-4c5f-992c-e6455fb13480,benthic
1039,c332a653-cd74-4441-8d30-c3704b4e0a03,benthic
1040,c2f7d9c9-0b81-4641-9b3a-b11ac2e2238e,benthic
1041,c310372a-2591-4ef7-a18f-74bc5fdc1bc4,benthic
1042,c518156a-2228-4ed5-b52f-9e19f989d62c,benthic
1043,c3662627-e507-4218-92df-063039f8a01e,midwater
1044,c0f91fd9-6954-4261-a663-b8c487b0baf2,benthic
1045,c07a0cc8-4879-4c22-8df3-37d7b493da05,benthic
1046,c1512fee-60a2-4674-9db5-9ef636330cc3,benthic
1047,bf90e2cb-4fb0-475f-a564-e8c3b0dfcbb0,benthic
1048,c49535f0-0549-4cb5-a4e5-9a745a6a1be2,benthic
1049,c5b660df-6b91-4175-996b-d54f3698fc5a,benthic
1050,bf1ab2eb-9205-4da9-9fc1-5ca3352a20b6,benthic
1051,bef71afc-fad8-4da1-9582-7f0b9079acea,benthic
1052,c1ce0f7f-cdc5-4f0d-9c7b-12a0caa23e9e,benthic
1053,c4aa4934-1ce1-4a55-a92e-fb5462ff62c9,benthic
1054,c3b165e1-92ab-4dcf-a966-4927cb313c53,benthic
1055,c00cc210-b0eb-42d9-a221-986c694abfa8,benthic
1056,c15b4902-2f51-4c19-9d9c-9c8ac6b6eb52,midwater
1057,c0af91a0-6888-4a5e-a867-9a5d6ababb5a,midwater
1058,c4da0256-498c-4d23-8f2d-38a14ae1f7de,benthic
1059,ce5eae76-7f23-4f08-b03c-6f10c2ccab22,benthic
1060,c72571eb-c0f5-4605-81c5-086225b6fb91,benthic
1061,cc5ddba8-724a-4f94-9aaf-e0c5b9b24b4f,midwater
1062,caa6e559-164b-4a11-96f7-46a80d96fa54,benthic
1063,ce967d11-430a-422a-b678-47448e3a6998,benthic
1064,cd6c697b-c495-48e1-8a28-405cb1973487,benthic
1065,ca0fd0e0-aacd-4543-a6c0-19038a6c243d,benthic
1066,c6a01422-1951-4118-a2dd-aa228fbe6c34,benthic
1067,c7a5dcaa-768e-44ea-b64b-7925c9dfb87e,midwater
1068,c9592c7b-8635-4dd1-a2fe-b46554dc0931,benthic
1069,cbe98192-8579-4c66-9b0c-8d3fbaac9372,benthic
1070,c9891ff0-e4c6-4063-97b8-f109a7787125,benthic
1071,ca0d3810-9b59-4697-980b-ffc348bd64c2,benthic
1072,cc917a39-fe39-40b2-85ad-ff83ce976010,benthic
1073,cdecd3e9-6671-49b8-9afb-fe9be465bef9,benthic
1074,cc80e85d-a164-4379-9da2-ed5c055aa5c1,benthic
1075,c7c24ac4-b814-4c40-b41c-fe6243cc69c5,benthic
1076,ce977175-9151-46f3-bd14-26b4f5e94f28,benthic
1077,cbb805e2-2447-4226-b372-6980ea5b9229,benthic
1078,c5fa8b2f-58f3-4c6e-8a5b-b944cd4d4be8,midwater
1079,cd50448c-2629-44a0-8a4f-648d9b5c1ba9,midwater
1080,cb28ce00-7392-4d78-bb67-6d89d0368424,benthic
1081,c8810d67-6ebd-4803-967d-ea443a5a333a,benthic
1082,cde992e5-b8cf-4a71-90dc-d7fe2bdbaa72,midwater
1083,c7038b2d-f66d-4920-8fe9-96af29824abd,benthic
1084,c7908ad5-f026-4850-ad06-a3d1cb48b0e8,midwater
1085,c9b00c5a-7586-4a70-be38-ac64f9f5ee0a,benthic
1086,c6fe9f4c-f751-4c37-b9de-260e7cf4cddd,benthic
1087,cccb8ecc-da59-4b7f-a33f-f9fd179cce2a,benthic
1088,cdb48234-9742-41b6-b73f-607b30f38b8a,benthic
1089,ca49490d-2e8c-45ce-b1d3-4c357077ff52,benthic
1090,cc739fc3-b494-4902-8dc0-4927efbfc69e,benthic
1091,c63cb2c3-1f23-4de5-93f5-08a309cde1c7,benthic
1092,cc36e958-c3d3-48d7-98f7-350ee37cfa1b,benthic
1093,c6a423e3-f0f8-4bdc-8869-dc8e1f3958fb,benthic
1094,c9e1edf4-7a7c-4cef-8541-ff57bfc76f05,benthic
1095,c882c7cb-72ff-4167-b82f-4b0a7134b97f,benthic
1096,c77f9ada-a597-4bc1-b5c5-4f4ca16ff45e,benthic
1097,ca4a835a-fd06-4770-84cd-669823240867,benthic
1098,c6d7066b-defb-4913-a73c-180682e4dfb8,benthic
1099,ce1a4654-d263-477c-9ed0-db6e4ed5091f,benthic
1100,ca6e2333-7012-469c-874d-6aa181ed4024,benthic
1101,ca0269ae-070e-4be4-8022-034a25b69395,benthic
1102,c9dd5b52-19ae-444b-8564-995eb91bd89f,benthic
1103,cc5b04fa-4d10-42bd-86c4-4dfb25c85955,benthic
1104,cb2849a0-96b5-4778-b2ed-9c95bf4601dd,benthic
1105,ccab3a5d-c012-4dd0-8233-680f4946ba49,benthic
1106,cc8ec2b7-6e1c-4ec3-9fd7-4943de43a40e,midwater
1107,cd44d94f-fd05-4992-9982-5eb8b7d5acde,benthic
1108,c8745d3a-106b-4697-a2d8-6cb3ea409bac,benthic
1109,d77f5d43-cc62-4d05-aaf1-829d4d16bea2,benthic
1110,cec7d3dc-6d38-4b95-ae02-122b0aa78b28,benthic
1111,cfa55027-3c4d-4a16-8079-859dc8a465d4,midwater
1112,d26d644f-9e6d-44e7-adc9-c54e621fd43b,benthic
1113,d3f03721-0800-4c57-a42d-f88b76bf0ec9,benthic
1114,d1c752c2-7fe7-4cd6-ae0e-8461db00f0c1,midwater
1115,d3e4e94b-8c2c-4bad-923e-f69ec02a5f60,midwater
1116,d56a184b-e6a5-4eb1-a42a-fbd791fe64b1,benthic
1117,d0502a62-9ca2-41dc-bd55-d29ee6a42258,benthic
1118,d1ecc6c8-d015-476b-829c-010ac0413570,benthic
1119,cf44d9dc-b451-42ef-8302-da7de07542f4,benthic
1120,d0153dd8-3d28-4701-a620-b726b160da12,benthic
1121,cfe92354-8133-4538-892d-0e3eb6e08e42,benthic
1122,d7149253-be8c-4e25-91c9-3cb81de71523,midwater
1123,d33fff3f-ac04-412d-91b3-03f1166642bc,benthic
1124,d76bc0ca-6000-4897-82c4-5ef2fe4f4850,benthic
1125,d7ee99cd-1548-4250-b9c8-565a83026a3c,benthic
1126,d7d55dbb-b11b-425c-8091-186bc9343c3e,benthic
1127,d0ca62a5-75bf-49bb-a85c-9e35776c346e,benthic
1128,d355a885-4fba-4927-a11a-6fcb0fb01bef,benthic
1129,d728aca4-3777-4065-8e61-eb61382854c5,benthic
1130,d7ad680f-3b06-4435-aaca-592abb1a3a19,benthic
1131,d558b516-c679-4e14-8941-3e05c2180a9f,benthic
1132,d0ffee3a-6319-4f62-8ed9-e5e285f9b3f4,benthic
1133,d72427d6-5050-490e-bcf9-313b21738867,midwater
1134,d761648d-e4c0-4936-86dd-f3abef2cc6d8,midwater
1135,d149c1c6-97c8-4436-abb5-32cea2ad9a44,midwater
1136,d2821411-87c3-41e0-8496-1fcfb9c1dbdb,benthic
1137,d7b890f1-f283-4f32-98ac-b1425523d040,midwater
1138,d51f8a4c-d176-4cbb-b6f2-cde3d7c6276b,benthic
1139,d6754d52-d6ba-4066-b2d2-d47b7533b32f,benthic
1140,d5532829-6f82-4813-86cc-4071b5dbdb2f,benthic
1141,d79d81dc-d956-48b9-b2a6-564509240fdb,benthic
1142,d7da0152-59f6-4d5a-8419-0ec71bb0b349,benthic
1143,d6f7b1b7-d122-4c24-a614-a318036a6ca1,benthic
1144,cf6b0b76-4144-4b64-9ac1-7ada893fb0f7,benthic
1145,d0daa7b2-7ec6-4524-971c-294770d7e305,midwater
1146,d53ad136-98ae-4a48-b4b4-ac58a6e0e3d1,benthic
1147,cf81a495-ca2e-4202-9176-de42fc2de5f8,benthic
1148,d45f1a67-f68c-4b02-8f56-12cefd7c71da,benthic
1149,cfb9f48b-2f55-43f3-bb9d-fa87824d87be,midwater
1150,cf9ef2d0-d516-4087-a97b-96a13e5685e6,benthic
1151,d202db2b-24d3-43a3-9b3c-d45fe02a0ca9,benthic
1152,d399771d-c5db-4b44-ae11-88b04c97e73a,benthic
1153,d3c3a928-b40b-47b4-849b-47425b0069a2,benthic
1154,d26e89c5-3b2d-4854-afd7-576fed197f36,benthic
1155,cf8ff266-6570-4658-8930-3d007667780f,benthic
1156,d34c6645-4e0a-45d4-b1a5-cadf3914d2fc,benthic
1157,d392f289-a629-4269-b7e4-aed9971cd2b2,benthic
1158,d20bc180-9b41-45e8-b057-9e6d307cb8df,benthic
1159,d9c6ff45-8f3e-49f0-9181-03195695409c,benthic
1160,da98ee4c-bc6e-4bf1-9cd2-0a43ca51c57f,benthic
1161,db72bd34-c24a-4e40-8d38-e4977a0e44c0,benthic
1162,dcb3461c-9839-411d-b06a-709fe1496508,benthic
1163,da83402a-9e24-45d2-ba0e-4ffe75eeecda,benthic
1164,ddbc0c52-a8cc-4cfc-9301-cd0498ec26d4,benthic
1165,dd6a9c71-0905-4074-8d34-bfefc4dd99d4,midwater
1166,da033fe4-c3ff-4a0e-86cd-d9ce3144aab9,benthic
1167,db9513ac-fb8f-4540-95be-629b8da35608,benthic
1168,d8471224-6dc7-4497-9423-aff19a5de232,benthic
1169,defbd927-efad-4edd-99f4-c4f1284056f4,benthic
1170,d8899cd7-5773-4087-8882-91c02afe5e9f,midwater
1171,dbca5ae5-023a-433f-ad90-cc879feae08a,benthic
1172,dbdd2381-50d1-43e2-bbfc-535f2434b027,midwater
1173,de282d58-1bfd-444c-a21a-f965686758f4,benthic
1174,de9a11c4-8a32-4048-b2d7-92de9be581c4,midwater
1175,dd1f671f-14ee-4e38-87ff-3897eb2af4b5,benthic
1176,d9a20af0-066b-41c7-9650-a705d1ca145a,midwater
1177,dac1c209-84ab-43d4-8ad6-50bc4b0d7002,benthic
1178,dc81970b-c3b1-4a87-9e4d-fe12b3059baf,benthic
1179,dac2f59c-d318-4a97-a9dc-e38cb9f8e83a,benthic
1180,d828ac73-eeec-4afb-9ddb-8763cba15a36,benthic
1181,dc4bf455-53ec-4ab4-9a0f-834096c8b401,benthic
1182,df4eaf8c-a49c-49cb-afe2-93a981c8a1fd,midwater
1183,de22ed6a-b7d5-4707-87d9-89bd9f406d0c,benthic
1184,deb0bb63-9f65-4fb5-9c4c-02c8e131eb30,benthic
1185,db9f2ff8-236c-4f43-bc18-1c93796d1fcf,benthic
1186,dd24ad92-914d-4909-85af-20d6455c9419,benthic
1187,da3d4b9d-2f82-4796-9f96-63ac6ba8c19f,benthic
1188,d97111eb-0f3d-4079-8877-1d6e61050666,benthic
1189,ddcef419-bedd-43b2-81ae-d34e5e389d1e,benthic
1190,dd3af822-6db0-4e8f-b5b4-6b837c676974,benthic
1191,df5a1de2-34af-4fe2-99d3-2b30bbc3764b,midwater
1192,dbbfc714-9c89-4daf-b607-59ba71b26226,benthic
1193,d9c174b5-5538-4b54-9d06-50e4cb68bd1d,benthic
1194,d820c8fd-a9c1-49f1-b296-c3bcbe56573f,benthic
1195,dd69fc3b-8286-4c14-ae98-f33414469fbd,benthic
1196,da12f4df-c18b-4b60-9d22-7c6e8743e608,benthic
1197,dde992e2-4229-41d4-bfc2-0c83ea8cd21a,benthic
1198,dbe55c64-4d51-4b2c-a101-943982183885,benthic
1199,db023974-fd36-494a-9b82-697ccbe551c5,benthic
1200,dd94dc70-7ee2-4b6a-aa16-c27dde6350af,benthic
1201,dbd06115-dc4a-45d9-a34a-8d72855c1d3c,benthic
1202,de90d0ba-0aa6-44ff-9b12-c0e6cb1aac38,benthic
1203,de93d2ff-ee83-4609-9e87-1829cef3ab12,benthic
1204,df897688-51d7-40a9-a5a4-e6dcf9cc9d74,benthic
1205,da932064-da49-4022-8889-796fbd4e7d68,benthic
1206,d966cf6d-d95e-4195-afe7-e0a4e385f9b0,benthic
1207,dde1c9e5-271e-44b7-b2a5-5fd10affff24,benthic
1208,d94e1402-99a7-43ec-96c1-7de84de47fe1,benthic
1209,e45f4347-1e59-4b61-8ad7-95549a38d467,benthic
1210,e4899772-4b81-463a-9fdc-63651e56ddbf,benthic
1211,e14e2f7a-61d4-405b-bc1e-039b78d1b7b9,benthic
1212,e252f840-876e-42a8-9158-20aa4cda7ad1,benthic
1213,e095e120-58fc-42f4-b6e0-8fce6661b7fb,benthic
1214,e26b53cd-2a9b-4f14-b105-72f81e16d6f7,benthic
1215,e5c4698b-4527-443e-87ef-ee38a6e3f632,benthic
1216,e69cca3e-d488-448a-aa38-8904ae1c44d9,benthic
1217,e0a84a38-ffb6-40d2-a85b-176acbf01dca,benthic
1218,e731da3c-8658-4169-8cf7-2392b6176bc1,benthic
1219,e3764474-fffb-4370-bb87-523bc91140b0,benthic
1220,e7a902cb-efb1-4bcc-a51a-93afb6a59bc1,benthic
1221,e3feee4d-21fe-4443-9023-5661b110f413,benthic
1222,e12d6552-a154-4ad2-a825-cab40e3cf0c4,benthic
1223,ea43df50-baf1-4a77-bb49-511a2af9e3c1,benthic
1224,e9ef961e-72d2-44c8-a836-b0c258798354,benthic
1225,e64fdbf2-3272-4abf-8d30-9172f459f159,benthic
1226,e5373cab-cbc0-4583-ad91-948e369623ce,midwater
1227,e9f958df-4fee-490c-a9f9-b29821c6b84b,midwater
1228,e6f5b513-aeaa-49f9-9fb1-d5e3d396eeb4,benthic
1229,e8bbe1ab-39f2-4e0d-a63e-3325ae6f2857,midwater
1230,e5ce712d-ae9c-4e68-87cc-5d2c6ccb8b6b,benthic
1231,e3eaaaeb-da4f-4b71-8e7b-c6a10f68a923,benthic
1232,e9394e0c-7609-4d92-a198-36b21f8e97a7,benthic
1233,e56fba06-9f67-47de-8b17-21502e40271d,benthic
1234,e29491fd-bbfa-491d-a5d3-064890a13625,midwater
1235,dfb58247-c223-478c-a64c-4f64d5c58e10,benthic
1236,e0823eb1-f29d-4f3f-9041-1e8d41dd7d7d,benthic
1237,e9b8b2f7-5cf1-4d54-a9f2-0d6679c698c0,benthic
1238,e5e098e4-40e7-4f52-b1e8-75116990b13d,midwater
1239,e4d5907b-0d4e-4a69-9b53-aa1e9d4d2700,benthic
1240,e076771e-578f-4660-bc1b-7d0c0c122794,benthic
1241,e62bebaf-e17f-4d68-b424-8ed8584f02b4,benthic
1242,e82285d5-4e73-4a3c-beee-532309d8ec59,benthic
1243,e3a997de-9b1b-4c80-962e-1df7a8b3fb7a,benthic
1244,e7760637-fe67-42d0-80c4-c8b8a7774623,benthic
1245,e92edc28-6cae-4121-bdbf-dbc42d77cfea,benthic
1246,e4830c81-e978-4d35-9f85-686517d29854,benthic
1247,e93460c6-bb37-4a2e-b2bf-6bf8e0fad761,benthic
1248,e037f7e4-6dd9-485d-88a4-ae96b1dc046a,benthic
1249,e7a0df10-2a6e-4ae7-8a73-6f1e49ae1ec6,benthic
1250,e49f967a-192d-476a-a678-a6d991da9dd0,benthic
1251,e36096ba-dc88-4869-8aef-afa37d35d4da,benthic
1252,e9690134-27e1-43c7-96c1-21dfca7647d0,benthic
1253,e36bc7b1-d21a-4b3e-ac44-eb32ca81a1cb,benthic
1254,e79e365b-1ce1-4675-b10e-6fdfaca3c22e,benthic
1255,ea43401a-75c3-4a5a-a06f-380967cdba36,benthic
1256,e557a091-c556-42fa-8ce1-94b7053c1c5f,benthic
1257,e677e77b-868d-40de-95a9-a8e71cd8d250,benthic
1258,e0fb8ec6-eb90-459a-93bf-2dd51f0e5120,midwater
1259,f46aa18a-b2b2-4995-a036-19c436015730,benthic
1260,ec06e5d1-0b55-416d-9c8c-6db65fbf318a,benthic
1261,f2aa0e9c-7ad4-48c6-837a-f219289d17cf,benthic
1262,f35ec747-4e09-402a-bfda-6f6d028eb7d7,benthic
1263,f66f3e79-6eb4-4cc7-8a27-5f132e4b6c0a,benthic
1264,f560281d-44dc-464f-975f-1e0a2b6b4d78,midwater
1265,f56e0a63-4bda-4086-b052-c4e8c8bde201,benthic
1266,f2827436-1870-4a27-adbe-3316a31b4f39,benthic
1267,efdbcfe9-6bd3-4792-ae53-722efc43f9f8,benthic
1268,f17950ef-944a-4539-a3b0-cfd5733f80c6,benthic
1269,f072e617-55cd-45c8-ac04-04feeeb83fdb,benthic
1270,f19c70f8-dfeb-4035-ae35-24653fff12d3,benthic
1271,f2741578-b285-43ee-852e-106c40f8a1b8,benthic
1272,f2e282ff-4074-40ce-9cf3-6b3a9a41cae4,benthic
1273,f43738bb-665b-43c6-93d6-3268c7e50075,benthic
1274,f20804de-dcc4-4ae5-a446-7ec338e728be,benthic
1275,ef40da74-6f25-4fcd-996a-e1735fa5d977,benthic
1276,ee8be03f-c134-4c25-9576-88c90702679a,benthic
1277,ed29ecfd-cb66-420f-9df7-e3ff61cbd68c,benthic
1278,f496b35b-e825-4823-b677-dfc6712a7367,benthic
1279,f3e562a9-fb50-4248-a110-dace66ee502e,benthic
1280,f03743e8-9f1c-4bbe-a1f1-8012d519ce9c,benthic
1281,eb3e7a1a-3b1a-407a-b94c-e111a42ef5bb,benthic
1282,eddf2073-0245-4692-9a91-5b98c91935de,benthic
1283,ed68260c-f407-4714-bb4c-cac26520ad7c,benthic
1284,ef4c02fc-9929-4539-993b-49834be10e09,benthic
1285,f692dcc1-b21d-4887-9ca6-b52f90f063d2,benthic
1286,f47bfa1c-5515-4e9c-8990-b0fa659e930b,benthic
1287,f009ccd9-3dfc-4cf7-b347-72e41dff948d,benthic
1288,f4a9cd08-fed9-44bf-9481-60424f6b20e0,benthic
1289,ed329d33-8ac0-4c7e-92d1-121ac38faf01,benthic
1290,f56773e8-4467-4982-ad6e-a994666b4cb2,benthic
1291,f0ba527f-97a7-4b5a-b879-25afa1010771,benthic
1292,ed1ff6f4-5619-4f2b-b18e-1b4b03ad9de5,benthic
1293,ec2f1eab-488f-4cf6-8729-ad1e6362b8e8,midwater
1294,f0b363ff-677d-4f27-875e-6106e0d2dd97,benthic
1295,ef7b02fe-a519-4e46-958a-4608da4ce074,benthic
1296,ef6e6698-a58d-41fb-a836-164776c1480c,benthic
1297,f44fb7d6-a356-4a22-8643-da89409de858,benthic
1298,f1f0c443-8f0d-4f49-a3ca-16842d408ebb,benthic
1299,f185d106-1247-4e46-90b1-6c59e10e9d56,benthic
1300,eb6630fa-bacc-4fa9-87da-b9f504519af6,benthic
1301,f2acd2f6-bb62-433b-b757-5e359178aea0,benthic
1302,efaec765-a208-461d-a2bd-6e7fe26e1886,midwater
1303,f36d1441-6d81-4994-a0b1-acc78db16f17,benthic
1304,f2dcd448-9b97-49e8-bd7d-9fadb2a25d54,benthic
1305,ef0b7936-6061-4cfa-9e4f-de405aa0e949,benthic
1306,f1906d73-7268-4b4f-b760-559748e38f62,midwater
1307,f1985195-a5ea-4bf9-af7d-74a877ed4e2e,benthic
1308,eac175fa-8e0c-4396-b36c-82c5b1c26ba1,benthic
1309,eddc9c21-ea1c-478c-a5ec-192be14d9e69,midwater
1310,fbdd9ecc-b5ba-4b90-9797-20752013480b,benthic
1311,f6b70422-04c4-44bf-8bf4-9fcb9d55a98f,benthic
1312,fa7f56a8-60ee-479e-9ec2-433a8f7b755f,benthic
1313,f9fe4cd4-d68f-4e4a-83ce-a4fdf670e19d,benthic
1314,fee23ba7-7adf-4819-99cf-b2e77fd3b49e,benthic
1315,f9918e1f-6c8e-4418-abed-baa8313d453e,benthic
1316,f9754789-b59e-4b67-9267-6661320212f4,benthic
1317,fba35b79-4298-4d2c-9cae-11095087b6d6,benthic
1318,fc5d1a82-3613-4d68-8c91-56d84cb3c57d,midwater
1319,f82c2544-4b31-47d6-b5c0-97ad5b388c36,midwater
1320,fcb7b0a4-ae11-4f4f-b247-20a3a50f9d70,benthic
1321,fccb0d96-8d85-42c3-a11e-e44a7a77289c,benthic
1322,fdf42c5c-5fe6-4831-a3ad-7a65592d1db3,benthic
1323,fcd7044a-8d2e-4df7-8a77-129b7890553d,benthic
1324,fa9d7568-953c-42fa-90a8-ec0e0bef4595,benthic
1325,f904e76a-ff29-44e3-8519-d4816d4a8976,benthic
1326,ff66bbae-c27f-45a9-99e2-8b289d9f2227,midwater
1327,fbee9392-ec43-4db3-883c-84049ae2cbf2,benthic
1328,f782e3b1-0b56-4b73-9edf-7619fc2a3ca7,benthic
1329,fd12b60f-f324-4ac5-89cd-62e21af160b9,benthic
1330,fd4a0f39-84bc-4503-887e-7538a84bf32e,benthic
1331,fa5ef70c-f0d7-4fca-ac55-545b695a7fc7,benthic
1332,fd214d4c-4c91-4f7a-b5b7-71c34180fff8,midwater
1333,f898da86-414a-4a35-9c71-46b7d8f2d74e,benthic
1334,fc8be94c-df73-4024-bcba-3f4e82a961ad,benthic
1335,fc0249cf-cccd-4915-a596-0633fac2fbed,benthic
1336,fdac2988-c9cb-43e5-a218-51029419ebdd,benthic
1337,ff447bb9-62d9-4199-a8b5-94f7b54e2fa5,benthic
1338,fc04f400-2ff4-4a4d-99c6-f0bc7c85f539,benthic
1339,f7612015-bebe-47bf-998e-d66723745ca5,benthic
1340,fe72c4b2-bff5-4466-95a7-e22d8bd15aa7,benthic
1341,ff2bc130-b682-454a-8099-4a149be58028,benthic
1342,fe3bbda9-8963-436c-9dbb-e6914680d652,benthic
1343,fd45b8b2-8217-4adf-ad78-b08fc43f579e,benthic
1344,ff28e216-e7af-4c37-ac22-2bed797ac6b5,benthic
1345,f905cde7-2e3f-4305-9c11-637928358c42,benthic
1346,f86f9bd8-7d42-4b1b-9df5-c92f73362426,benthic
1347,f8b552c5-184d-4ab1-9271-1aa6e333a431,benthic
1348,fe59dee3-3865-4416-9b22-79caf2251633,benthic
1349,fda74860-21f3-4715-a33a-14edaaad08d5,benthic
1350,f6d7c6e4-09ba-4f80-a6f8-ce723589c82d,benthic
1351,fdb1371d-67cb-4d0b-bf11-673b4ed9f883,benthic
1352,fc9d45c8-a9fb-4cba-892e-db719bb1a19d,benthic
1353,fd36c66d-da22-4482-a3a4-3101b7eb2f5f,midwater
1354,fb0dc07e-fb32-4bea-812c-eb3c697d85a6,benthic
1355,fd22876e-68a9-44dd-bf17-4d64d31ec7f9,benthic
1356,fb1cc448-0f3c-4b1c-b578-071ed3d08495,benthic
1357,fa299dce-0a82-4236-8b8b-8bed01b0aa85,benthic
1358,fa3e4a6e-9eda-4738-8278-d7e89cf408f9,benthic
1359,f7c65d18-0ed7-46a2-bace-53f9c22032b6,benthic
1360,2b74b1ec-2260-41a6-86d2-274f1b4c8730,benthic
1361,eb959b97-744f-4f97-99d6-ab04c8472797,benthic
1362,d40049cb-31e8-468d-81ec-6aabd83140a4,benthic
1363,0814988c-b8d9-4fd3-a4ab-0019bcb41b44,benthic
1364,ddb92b30-78a1-4295-aa07-9d55a16dfada,benthic
1365,a0c5712e-f1e8-4195-af61-726712429cd2,benthic
1366,a8ab0464-c46b-4352-8919-762bc7cc6d68,benthic
1367,e496b23d-bb12-46ca-aee9-84bb4dc4e246,benthic
1368,82b5c05d-b279-4caa-855f-0fcff40a1b2a,benthic
1369,90412895-5b03-43f5-8eab-f91ab2ce06cb,benthic
1370,251c7486-089e-4652-b5ec-74efd2d51c6b,benthic
1371,fde9c75e-a45d-46c4-96a6-e6acf2824ca5,benthic
1372,707f7cc1-77a3-46f0-9adf-8af5ba10d303,benthic
1373,178fa8c3-f1e3-4ad8-9b4d-3619f4a290a3,midwater
1374,79c3e93d-5443-4980-b9da-c5ec4927c45f,benthic
1375,0c65ba93-de07-4563-bc89-616758aa0370,benthic
1376,6603ba80-0816-45d5-be85-7479b3eda2f1,benthic
1377,3e34ba95-bbe1-4a7c-b571-8d4dde844ffc,benthic
1378,3a050178-5d64-43d6-81d6-cf482fbe9b38,benthic
1379,b5756ee2-d403-4359-8f78-fee2b1411c7d,benthic
1380,ab22b831-fa4b-455b-b650-882d8f63d86a,midwater
1381,493a46e6-3ae4-4e59-adf9-47cef9a693d7,benthic
1382,ffdfc53e-2c08-4ab4-84bf-3d3470a904e0,benthic
1383,bc9dd4c2-8719-4c0b-88b7-5021ead49b10,benthic
1384,87675f67-b145-4834-ab02-cbf1c3075a35,benthic
1385,4fa57766-df07-4771-9bd3-7f79a3e07732,benthic
1386,bf080e89-dea2-4bea-a664-a33a4fa399c4,benthic
1387,8336343c-6d60-453a-907b-71441092a9ae,midwater
1388,406ac15a-a478-4a3f-a6ca-804006a77469,benthic
1389,cf37ef21-b818-453d-934c-19ad79ef7d16,benthic
1390,dafd25c5-47eb-4c36-b101-23ada637d0c6,benthic
1391,0873117e-d764-4af6-b2b9-b5ebeacfbb59,benthic
1392,2d30ded0-a1b1-4a59-b2d0-071f105461e9,benthic
1393,e75d4c62-8832-4f3a-ba6b-b16ad8dadcd8,benthic
1394,ff918a29-aa32-4665-8edb-9c0b9052742d,benthic
1395,15682d82-8a7d-454c-aef3-41b24bf8ac07,midwater
1396,5c6d81d1-971a-42ba-b351-5ff130b2c8bf,midwater
1397,7a716eed-b89c-4bd2-94c1-68b499beeb28,benthic
1398,ffbaa086-0bf1-4856-8324-7cb2db3f4625,benthic
1399,3202f5f5-68dd-4cfe-b84d-1e4d5d5d6216,benthic
1400,50b9ecb8-48f5-41a1-87cd-f90ceb111562,benthic
1401,7323f241-4d39-43d0-80f8-589aa62fb3e5,benthic
1402,fc3b6ae0-e68c-489f-87cd-e76ab13d8386,benthic
1403,ff980043-9118-463b-bd01-8442370a825a,benthic
1404,ffa527e2-beea-459e-90d6-0ada1ab46785,benthic
1405,ff9d4da8-008c-4d09-b29d-4726f5ab9b3f,benthic
1406,5ebcdee4-f849-4c9f-bac1-5119fa3d0a50,benthic
1407,ceafe5bd-b624-4ee9-bb17-87c8e7e4687c,benthic
1408,ffcac85d-4c86-4758-bf95-d11b8855b633,benthic
1409,ea623de1-343f-435d-bbb6-ac75e2f2ba80,benthic
1410,d1b60821-ad52-41bc-95fe-71933f6c7090,benthic
1411,af7319ef-059b-4995-8488-70273e8c92e9,benthic
1412,ffd1bf85-0a82-47f4-a75e-37493eb7769a,benthic
1413,23db70d9-dcf6-43a0-8814-67c0e9da1a36,benthic
1414,c720fb78-430a-4fde-9613-e31f2b50f3cf,benthic
1415,c43c1473-5db2-42fd-a027-9ec06a02a4ae,benthic
1416,92b8b3f1-5746-4823-b4d7-e724b264dc9e,benthic
1417,8ccae8ce-d67b-4cea-bd26-7aa5918a2acb,benthic
1418,48a91658-a507-4f7e-aaf4-a375ead14cec,benthic
